"Numéro";"GIC";"COM";"comm";"saison";"PIEGEUR";"CHASSE";"SAUTEUX";"TIR APP";"GP";"Ch/Tir";"TIR DE NUIT";"DETERRAGE";"Route/NI";"Total";"X";"Y"
1;"SAR";"ARRELLES";"ARRELLES";"2005-06";3.00;0.00;0.00;0.00;0.00;0.00;0.00;0.00;0.00;3.00;795030.26;6772586.60
2;"SAR";"ARRELLES";"ARRELLES";"2006-07";2.00;0.00;0.00;0.00;0.00;0.00;0.00;0.00;0.00;2.00;795030.26;6772586.60
3;"SAR";"ARRELLES";"ARRELLES";"2007-08";0.00;0.00;0.00;0.00;0.00;0.00;0.00;0.00;0.00;0.00;795030.26;6772586.60
4;"SAR";"ARRELLES";"ARRELLES";"2008-09";0.00;0.00;0.00;0.00;0.00;0.00;1.00;2.00;0.00;3.00;795030.26;6772586.60
5;"SAR";"ARRELLES";"ARRELLES";"2009-10";6.00;1.00;0.00;0.00;0.00;1.00;17.00;1.00;1.00;26.00;795030.26;6772586.60
6;"SAR";"ARRELLES";"ARRELLES";"2010-11";10.00;2.00;0.00;0.00;0.00;2.00;16.00;0.00;0.00;28.00;795030.26;6772586.60
7;"SAR";"ARRELLES";"ARRELLES";"2011-12";3.00;4.00;0.00;0.00;0.00;4.00;2.00;0.00;0.00;9.00;795030.26;6772586.60
8;"SAR";"BAR-SUR-SEINE";"AVALLEUR";"2005-06";0.00;0.00;0.00;0.00;0.00;0.00;0.00;0.00;0.00;0.00;802605.69;6780097.14
9;"SAR";"BAR-SUR-SEINE";"AVALLEUR";"2006-07";3.00;0.00;0.00;0.00;0.00;0.00;0.00;0.00;1.00;4.00;802605.69;6780097.14
10;"SAR";"BAR-SUR-SEINE";"AVALLEUR";"2007-08";8.00;0.00;0.00;0.00;0.00;0.00;0.00;1.00;0.00;9.00;802605.69;6780097.14
11;"SAR";"BAR-SUR-SEINE";"AVALLEUR";"2008-09";5.00;0.00;0.00;0.00;0.00;0.00;3.00;2.00;0.00;10.00;802605.69;6780097.14
12;"SAR";"BAR-SUR-SEINE";"AVALLEUR";"2009-10";1.00;0.00;0.00;0.00;0.00;0.00;7.00;0.00;1.00;9.00;802605.69;6780097.14
13;"SAR";"BAR-SUR-SEINE";"AVALLEUR";"2010-11";3.00;1.00;0.00;0.00;0.00;1.00;8.00;1.00;0.00;13.00;802605.69;6780097.14
14;"SAR";"BAR-SUR-SEINE";"AVALLEUR";"2011-12";2.00;1.00;0.00;0.00;0.00;1.00;1.00;0.00;0.00;4.00;802605.69;6780097.14
15;"SAR";"BAR-SUR-SEINE";"BAR SUR SEINE";"2005-06";0.00;0.00;0.00;0.00;0.00;0.00;0.00;0.00;0.00;0.00;802605.69;6780097.14
16;"SAR";"BAR-SUR-SEINE";"BAR SUR SEINE";"2006-07";0.00;0.00;0.00;0.00;0.00;0.00;0.00;0.00;0.00;0.00;802605.69;6780097.14
17;"SAR";"BAR-SUR-SEINE";"BAR SUR SEINE";"2007-08";0.00;0.00;0.00;0.00;0.00;0.00;0.00;2.00;0.00;2.00;802605.69;6780097.14
18;"SAR";"BAR-SUR-SEINE";"BAR SUR SEINE";"2008-09";0.00;1.00;0.00;0.00;0.00;1.00;7.00;0.00;1.00;9.00;802605.69;6780097.14
19;"SAR";"BAR-SUR-SEINE";"BAR SUR SEINE";"2009-10";0.00;3.00;0.00;0.00;0.00;3.00;3.00;1.00;1.00;8.00;802605.69;6780097.14
20;"SAR";"BAR-SUR-SEINE";"BAR SUR SEINE";"2010-11";0.00;3.00;0.00;0.00;0.00;3.00;0.00;1.00;1.00;5.00;802605.69;6780097.14
21;"SAR";"BAR-SUR-SEINE";"BAR SUR SEINE";"2011-12";0.00;0.00;0.00;0.00;0.00;0.00;3.00;0.00;0.00;3.00;802605.69;6780097.14
22;"BAR";"BERTIGNOLLES";"BERTIGNOLLES";"2005-06";10.00;1.00;0.00;0.00;0.00;1.00;6.00;1.00;0.00;18.00;812508.16;6782910.90
23;"BAR";"BERTIGNOLLES";"BERTIGNOLLES";"2006-07";0.00;2.00;0.00;0.00;0.00;2.00;2.00;0.00;0.00;4.00;812508.16;6782910.90
24;"BAR";"BERTIGNOLLES";"BERTIGNOLLES";"2007-08";6.00;3.00;0.00;0.00;0.00;3.00;4.00;1.00;0.00;14.00;812508.16;6782910.90
25;"BAR";"BERTIGNOLLES";"BERTIGNOLLES";"2008-09";1.00;0.00;0.00;0.00;0.00;0.00;0.00;0.00;0.00;1.00;812508.16;6782910.90
26;"BAR";"BERTIGNOLLES";"BERTIGNOLLES";"2009-10";0.00;0.00;0.00;0.00;0.00;0.00;0.00;0.00;0.00;0.00;812508.16;6782910.90
27;"BAR";"BERTIGNOLLES";"BERTIGNOLLES";"2010-11";3.00;0.00;0.00;0.00;0.00;0.00;0.00;0.00;1.00;4.00;812508.16;6782910.90
28;"BAR";"BERTIGNOLLES";"BERTIGNOLLES";"2011-12";0.00;0.00;0.00;0.00;0.00;0.00;0.00;0.00;0.00;0.00;812508.16;6782910.90
29;"BAR";"BEUREY";"BEUREY";"2005-06";18.00;8.00;4.00;0.00;0.00;12.00;10.00;1.00;3.00;44.00;809499.22;6787176.04
30;"BAR";"BEUREY";"BEUREY";"2006-07";19.00;3.00;1.00;0.00;0.00;4.00;8.00;0.00;1.00;32.00;809499.22;6787176.04
31;"BAR";"BEUREY";"BEUREY";"2007-08";6.00;2.00;0.00;0.00;0.00;2.00;9.00;0.00;0.00;17.00;809499.22;6787176.04
32;"BAR";"BEUREY";"BEUREY";"2008-09";4.00;0.00;0.00;0.00;0.00;0.00;0.00;0.00;2.00;6.00;809499.22;6787176.04
33;"BAR";"BEUREY";"BEUREY";"2009-10";3.00;2.00;1.00;0.00;0.00;3.00;0.00;0.00;1.00;7.00;809499.22;6787176.04
34;"BAR";"BEUREY";"BEUREY";"2010-11";2.00;0.00;0.00;0.00;0.00;0.00;0.00;0.00;0.00;2.00;809499.22;6787176.04
35;"BAR";"BEUREY";"BEUREY";"2011-12";0.00;0.00;0.00;0.00;0.00;0.00;0.00;0.00;0.00;0.00;809499.22;6787176.04
36;"BAR";"BOURGUIGNONS";"BOURGUIGNONS";"2005-06";6.00;2.00;0.00;0.00;8.00;10.00;5.00;0.00;0.00;21.00;801364.65;6783232.01
37;"BAR";"BOURGUIGNONS";"BOURGUIGNONS";"2006-07";9.00;1.00;0.00;0.00;9.00;10.00;5.00;1.00;0.00;25.00;801364.65;6783232.01
38;"BAR";"BOURGUIGNONS";"BOURGUIGNONS";"2007-08";6.00;2.00;0.00;0.00;0.00;2.00;4.00;0.00;0.00;12.00;801364.65;6783232.01
39;"BAR";"BOURGUIGNONS";"BOURGUIGNONS";"2008-09";0.00;0.00;0.00;0.00;0.00;0.00;0.00;0.00;0.00;0.00;801364.65;6783232.01
40;"BAR";"BOURGUIGNONS";"BOURGUIGNONS";"2009-10";0.00;2.00;0.00;1.00;0.00;3.00;0.00;0.00;0.00;3.00;801364.65;6783232.01
41;"BAR";"BOURGUIGNONS";"BOURGUIGNONS";"2010-11";0.00;0.00;0.00;0.00;1.00;1.00;0.00;0.00;0.00;1.00;801364.65;6783232.01
42;"BAR";"BOURGUIGNONS";"BOURGUIGNONS";"2011-12";0.00;0.00;0.00;0.00;0.00;0.00;0.00;0.00;0.00;0.00;801364.65;6783232.01
43;"SAR";"BOURGUIGNONS";"BOURGUIGNONS";"2005-06";1.00;1.00;0.00;0.00;2.00;3.00;0.00;0.00;0.00;4.00;801364.65;6783232.01
44;"SAR";"BOURGUIGNONS";"BOURGUIGNONS";"2006-07";0.00;0.00;0.00;1.00;0.00;1.00;0.00;0.00;0.00;1.00;801364.65;6783232.01
45;"SAR";"BOURGUIGNONS";"BOURGUIGNONS";"2007-08";0.00;0.00;0.00;0.00;0.00;0.00;0.00;0.00;0.00;0.00;801364.65;6783232.01
46;"SAR";"BOURGUIGNONS";"BOURGUIGNONS";"2008-09";0.00;0.00;0.00;0.00;0.00;0.00;0.00;0.00;0.00;0.00;801364.65;6783232.01
47;"SAR";"BOURGUIGNONS";"BOURGUIGNONS";"2009-10";2.00;0.00;0.00;1.00;0.00;1.00;0.00;1.00;0.00;4.00;801364.65;6783232.01
48;"SAR";"BOURGUIGNONS";"BOURGUIGNONS";"2010-11";1.00;0.00;0.00;0.00;0.00;0.00;4.00;0.00;0.00;5.00;801364.65;6783232.01
49;"SAR";"BOURGUIGNONS";"BOURGUIGNONS";"2011-12";0.00;0.00;0.00;0.00;0.00;0.00;4.00;0.00;0.00;4.00;801364.65;6783232.01
50;"BAR";"BUXIERES-SUR-ARCE";"BUXIERES";"2005-06";7.00;3.00;1.00;0.00;0.00;4.00;3.00;4.00;0.00;18.00;808306.36;6782849.04
51;"BAR";"BUXIERES-SUR-ARCE";"BUXIERES";"2006-07";12.00;1.00;0.00;0.00;0.00;1.00;5.00;1.00;0.00;19.00;808306.36;6782849.04
52;"BAR";"BUXIERES-SUR-ARCE";"BUXIERES";"2007-08";27.00;1.00;2.00;0.00;2.00;5.00;2.00;0.00;2.00;36.00;808306.36;6782849.04
53;"BAR";"BUXIERES-SUR-ARCE";"BUXIERES";"2008-09";14.00;0.00;0.00;0.00;1.00;1.00;0.00;0.00;0.00;15.00;808306.36;6782849.04
54;"BAR";"BUXIERES-SUR-ARCE";"BUXIERES";"2009-10";8.00;0.00;0.00;0.00;0.00;0.00;0.00;0.00;0.00;8.00;808306.36;6782849.04
55;"BAR";"BUXIERES-SUR-ARCE";"BUXIERES";"2010-11";15.00;1.00;0.00;0.00;5.00;6.00;0.00;0.00;0.00;21.00;808306.36;6782849.04
56;"BAR";"BUXIERES-SUR-ARCE";"BUXIERES";"2011-12";3.00;3.00;0.00;0.00;0.00;3.00;0.00;0.00;0.00;6.00;808306.36;6782849.04
57;"SAR";"CHAPPES";"CHAPPES";"2005-06";3.00;9.00;0.00;1.00;2.00;12.00;0.00;2.00;0.00;17.00;793464.52;6785805.48
58;"SAR";"CHAPPES";"CHAPPES";"2006-07";0.00;0.00;0.00;0.00;0.00;0.00;0.00;0.00;1.00;1.00;793464.52;6785805.48
59;"SAR";"CHAPPES";"CHAPPES";"2007-08";0.00;0.00;0.00;0.00;0.00;0.00;0.00;0.00;0.00;0.00;793464.52;6785805.48
60;"SAR";"CHAPPES";"CHAPPES";"2008-09";2.00;0.00;0.00;0.00;2.00;2.00;2.00;0.00;0.00;6.00;793464.52;6785805.48
61;"SAR";"CHAPPES";"CHAPPES";"2009-10";0.00;0.00;0.00;0.00;0.00;0.00;0.00;0.00;0.00;0.00;793464.52;6785805.48
62;"SAR";"CHAPPES";"CHAPPES";"2010-11";0.00;0.00;0.00;0.00;0.00;0.00;0.00;0.00;0.00;0.00;793464.52;6785805.48
63;"SAR";"CHAPPES";"CHAPPES";"2011-12";0.00;0.00;0.00;0.00;0.00;0.00;0.00;0.00;0.00;0.00;793464.52;6785805.48
64;"BAR";"CHERVEY";"CHERVEY";"2005-06";7.00;3.00;0.00;0.00;0.00;3.00;6.00;0.00;0.00;16.00;810830.45;6782621.37
65;"BAR";"CHERVEY";"CHERVEY";"2006-07";2.00;1.00;0.00;0.00;0.00;1.00;6.00;0.00;3.00;12.00;810830.45;6782621.37
66;"BAR";"CHERVEY";"CHERVEY";"2007-08";7.00;2.00;0.00;0.00;0.00;2.00;2.00;1.00;0.00;12.00;810830.45;6782621.37
67;"BAR";"CHERVEY";"CHERVEY";"2008-09";0.00;0.00;0.00;0.00;0.00;0.00;0.00;0.00;0.00;0.00;810830.45;6782621.37
68;"BAR";"CHERVEY";"CHERVEY";"2009-10";0.00;0.00;0.00;0.00;0.00;0.00;0.00;0.00;0.00;0.00;810830.45;6782621.37
69;"BAR";"CHERVEY";"CHERVEY";"2010-11";0.00;0.00;0.00;0.00;0.00;0.00;0.00;0.00;0.00;0.00;810830.45;6782621.37
70;"BAR";"CHERVEY";"CHERVEY";"2011-12";0.00;0.00;0.00;0.00;0.00;0.00;0.00;0.00;0.00;0.00;810830.45;6782621.37
71;"SAR";"CORMOST";"cormost";"2009-10";1.00;0.00;0.00;0.00;0.00;0.00;3.00;0.00;0.00;4.00;784205.09;6784595.72
72;"BAR";"EGUILLY-SOUS-BOIS";"EGUILLY";"2005-06";0.00;3.00;0.00;0.00;0.00;3.00;6.00;0.00;0.00;9.00;814384.03;6783215.11
73;"BAR";"EGUILLY-SOUS-BOIS";"EGUILLY";"2006-07";0.00;2.00;0.00;0.00;0.00;2.00;7.00;0.00;1.00;10.00;814384.03;6783215.11
74;"BAR";"EGUILLY-SOUS-BOIS";"EGUILLY";"2007-08";0.00;1.00;0.00;0.00;0.00;1.00;4.00;0.00;1.00;6.00;814384.03;6783215.11
75;"BAR";"EGUILLY-SOUS-BOIS";"EGUILLY";"2008-09";0.00;0.00;0.00;0.00;0.00;0.00;0.00;0.00;0.00;0.00;814384.03;6783215.11
76;"BAR";"EGUILLY-SOUS-BOIS";"EGUILLY";"2009-10";0.00;0.00;0.00;0.00;0.00;0.00;0.00;0.00;0.00;0.00;814384.03;6783215.11
77;"BAR";"EGUILLY-SOUS-BOIS";"EGUILLY";"2010-11";0.00;1.00;0.00;0.00;0.00;1.00;0.00;0.00;0.00;1.00;814384.03;6783215.11
78;"BAR";"EGUILLY-SOUS-BOIS";"EGUILLY";"2011-12";0.00;0.00;0.00;0.00;0.00;0.00;0.00;0.00;0.00;0.00;814384.03;6783215.11
79;"SAR";"FOUCHERES";"FOUCHERES";"2005-06";0.00;1.00;0.00;0.00;0.00;1.00;0.00;0.00;0.00;1.00;794541.18;6783874.71
80;"SAR";"FOUCHERES";"FOUCHERES";"2006-07";2.00;0.00;0.00;0.00;2.00;2.00;0.00;0.00;1.00;5.00;794541.18;6783874.71
81;"SAR";"FOUCHERES";"FOUCHERES";"2007-08";4.00;1.00;0.00;4.00;3.00;8.00;0.00;0.00;0.00;12.00;794541.18;6783874.71
82;"SAR";"FOUCHERES";"FOUCHERES";"2008-09";3.00;0.00;0.00;0.00;0.00;0.00;3.00;0.00;2.00;8.00;794541.18;6783874.71
83;"SAR";"FOUCHERES";"FOUCHERES";"2009-10";8.00;1.00;0.00;4.00;5.00;10.00;5.00;2.00;1.00;26.00;794541.18;6783874.71
84;"SAR";"FOUCHERES";"FOUCHERES";"2010-11";4.00;2.00;0.00;0.00;1.00;3.00;1.00;1.00;0.00;9.00;794541.18;6783874.71
85;"SAR";"FOUCHERES";"FOUCHERES";"2011-12";0.00;0.00;0.00;0.00;0.00;0.00;0.00;0.00;0.00;0.00;794541.18;6783874.71
86;"BAR";"FRALIGNES";"FRALIGNES";"2005-06";0.00;0.00;0.00;0.00;0.00;0.00;5.00;0.00;0.00;5.00;802576.09;6785779.09
87;"BAR";"FRALIGNES";"FRALIGNES";"2006-07";3.00;0.00;0.00;0.00;0.00;0.00;9.00;0.00;0.00;12.00;802576.09;6785779.09
88;"BAR";"FRALIGNES";"FRALIGNES";"2007-08";1.00;3.00;0.00;0.00;0.00;3.00;4.00;0.00;0.00;8.00;802576.09;6785779.09
89;"BAR";"FRALIGNES";"FRALIGNES";"2008-09";0.00;0.00;0.00;0.00;0.00;0.00;0.00;0.00;0.00;0.00;802576.09;6785779.09
90;"BAR";"FRALIGNES";"FRALIGNES";"2009-10";0.00;0.00;0.00;0.00;0.00;0.00;0.00;0.00;0.00;0.00;802576.09;6785779.09
91;"BAR";"FRALIGNES";"FRALIGNES";"2010-11";0.00;0.00;0.00;0.00;0.00;0.00;0.00;0.00;0.00;0.00;802576.09;6785779.09
92;"BAR";"FRALIGNES";"FRALIGNES";"2011-12";0.00;0.00;0.00;0.00;0.00;0.00;0.00;0.00;0.00;0.00;802576.09;6785779.09
93;"SAR";"JULLY-SUR-SARCE";"JULLY S. SARCE";"2005-06";1.00;2.00;0.00;0.00;0.00;2.00;0.00;0.00;0.00;3.00;795219.30;6779532.18
94;"SAR";"JULLY-SUR-SARCE";"JULLY S. SARCE";"2006-07";1.00;9.00;0.00;7.00;2.00;18.00;0.00;3.00;0.00;22.00;795219.30;6779532.18
95;"SAR";"JULLY-SUR-SARCE";"JULLY S. SARCE";"2007-08";0.00;12.00;0.00;1.00;0.00;13.00;0.00;1.00;0.00;14.00;795219.30;6779532.18
96;"SAR";"JULLY-SUR-SARCE";"JULLY S. SARCE";"2008-09";3.00;2.00;0.00;0.00;0.00;2.00;15.00;3.00;0.00;23.00;795219.30;6779532.18
97;"SAR";"JULLY-SUR-SARCE";"JULLY S. SARCE";"2009-10";1.00;1.00;0.00;5.00;0.00;6.00;13.00;1.00;0.00;21.00;795219.30;6779532.18
98;"SAR";"JULLY-SUR-SARCE";"JULLY S. SARCE";"2010-11";3.00;1.00;0.00;5.00;2.00;8.00;13.00;0.00;1.00;25.00;795219.30;6779532.18
99;"SAR";"JULLY-SUR-SARCE";"JULLY S. SARCE";"2011-12";0.00;0.00;0.00;0.00;0.00;0.00;3.00;0.00;0.00;3.00;795219.30;6779532.18
100;"SAR";"LES BORDES-AUMONT";"BORDES AUM.";"2005-06";1.00;0.00;0.00;0.00;0.00;0.00;0.00;0.00;0.00;1.00;783150.04;6788161.37
101;"SAR";"LES BORDES-AUMONT";"BORDES AUM.";"2006-07";0.00;0.00;0.00;0.00;0.00;0.00;0.00;0.00;0.00;0.00;783150.04;6788161.37
102;"SAR";"LES BORDES-AUMONT";"BORDES AUM.";"2007-08";0.00;0.00;0.00;0.00;0.00;0.00;0.00;0.00;0.00;0.00;783150.04;6788161.37
103;"SAR";"LES BORDES-AUMONT";"BORDES AUM.";"2008-09";0.00;1.00;0.00;0.00;0.00;1.00;1.00;0.00;0.00;2.00;783150.04;6788161.37
104;"SAR";"LES BORDES-AUMONT";"BORDES AUM.";"2009-10";0.00;0.00;0.00;0.00;0.00;0.00;4.00;0.00;0.00;4.00;783150.04;6788161.37
105;"SAR";"LES BORDES-AUMONT";"BORDES AUM.";"2010-11";0.00;0.00;0.00;0.00;0.00;0.00;8.00;0.00;0.00;8.00;783150.04;6788161.37
106;"SAR";"LES BORDES-AUMONT";"BORDES AUM.";"2011-12";0.00;0.00;0.00;0.00;0.00;0.00;0.00;0.00;0.00;0.00;783150.04;6788161.37
107;"BAR";"LONGPRE-LE-SEC";"LONGPRE";"2005-06";9.00;3.00;0.00;1.00;0.00;4.00;3.00;6.00;1.00;23.00;813550.09;6788581.07
108;"BAR";"LONGPRE-LE-SEC";"LONGPRE";"2006-07";11.00;1.00;1.00;0.00;0.00;2.00;3.00;1.00;1.00;18.00;813550.09;6788581.07
109;"BAR";"LONGPRE-LE-SEC";"LONGPRE";"2007-08";6.00;1.00;2.00;0.00;0.00;3.00;3.00;0.00;0.00;12.00;813550.09;6788581.07
110;"BAR";"LONGPRE-LE-SEC";"LONGPRE";"2008-09";3.00;0.00;0.00;1.00;0.00;1.00;0.00;0.00;0.00;4.00;813550.09;6788581.07
111;"BAR";"LONGPRE-LE-SEC";"LONGPRE";"2009-10";0.00;1.00;0.00;0.00;0.00;1.00;0.00;0.00;0.00;1.00;813550.09;6788581.07
112;"BAR";"LONGPRE-LE-SEC";"LONGPRE";"2010-11";0.00;3.00;0.00;3.00;0.00;6.00;0.00;0.00;0.00;6.00;813550.09;6788581.07
113;"BAR";"LONGPRE-LE-SEC";"LONGPRE";"2011-12";0.00;0.00;0.00;0.00;0.00;0.00;0.00;0.00;0.00;0.00;813550.09;6788581.07
114;"BAR";"MAGNANT";"MAGNANT";"2005-06";29.00;2.00;1.00;0.00;1.00;4.00;9.00;0.00;3.00;45.00;805692.72;6786260.60
115;"BAR";"MAGNANT";"MAGNANT";"2006-07";12.00;1.00;0.00;0.00;0.00;1.00;17.00;0.00;1.00;31.00;805692.72;6786260.60
116;"BAR";"MAGNANT";"MAGNANT";"2007-08";17.00;0.00;0.00;0.00;0.00;0.00;10.00;0.00;0.00;27.00;805692.72;6786260.60
117;"BAR";"MAGNANT";"MAGNANT";"2008-09";20.00;0.00;0.00;0.00;0.00;0.00;0.00;0.00;0.00;20.00;805692.72;6786260.60
118;"BAR";"MAGNANT";"MAGNANT";"2009-10";24.00;1.00;0.00;0.00;0.00;1.00;0.00;0.00;0.00;25.00;805692.72;6786260.60
119;"BAR";"MAGNANT";"MAGNANT";"2010-11";12.00;0.00;0.00;0.00;0.00;0.00;0.00;0.00;0.00;12.00;805692.72;6786260.60
120;"BAR";"MAGNANT";"MAGNANT";"2011-12";1.00;4.00;0.00;0.00;0.00;4.00;0.00;0.00;0.00;5.00;805692.72;6786260.60
121;"BAR";"MAGNY-FOUCHARD";"MAGNY F.";"2005-06";9.00;6.00;2.00;0.00;0.00;8.00;11.00;2.00;0.00;30.00;814742.65;6793882.81
122;"BAR";"MAGNY-FOUCHARD";"MAGNY F.";"2006-07";2.00;3.00;3.00;1.00;0.00;7.00;5.00;3.00;0.00;17.00;814742.65;6793882.81
123;"BAR";"MAGNY-FOUCHARD";"MAGNY F.";"2007-08";4.00;0.00;1.00;0.00;0.00;1.00;15.00;0.00;1.00;21.00;814742.65;6793882.81
124;"BAR";"MAGNY-FOUCHARD";"MAGNY F.";"2008-09";1.00;2.00;0.00;0.00;0.00;2.00;0.00;2.00;1.00;6.00;814742.65;6793882.81
125;"BAR";"MAGNY-FOUCHARD";"MAGNY F.";"2009-10";0.00;4.00;1.00;0.00;0.00;5.00;0.00;1.00;1.00;7.00;814742.65;6793882.81
126;"BAR";"MAGNY-FOUCHARD";"MAGNY F.";"2010-11";1.00;2.00;2.00;0.00;0.00;4.00;0.00;3.00;0.00;8.00;814742.65;6793882.81
127;"BAR";"MAGNY-FOUCHARD";"MAGNY F.";"2011-12";0.00;0.00;0.00;0.00;0.00;0.00;0.00;0.00;0.00;0.00;814742.65;6793882.81
128;"BAR";"MERREY-SUR-ARCE";"BAR S S. / MERREY";"2005-06";7.00;1.00;2.00;2.00;0.00;5.00;10.00;3.00;3.00;28.00;804557.34;6778222.09
129;"BAR";"MERREY-SUR-ARCE";"BAR S S. / MERREY";"2006-07";8.00;8.00;0.00;0.00;1.00;9.00;8.00;0.00;1.00;26.00;804557.34;6778222.09
130;"BAR";"MERREY-SUR-ARCE";"BAR S S. / MERREY";"2007-08";5.00;3.00;0.00;0.00;0.00;3.00;9.00;0.00;0.00;17.00;804557.34;6778222.09
131;"BAR";"MERREY-SUR-ARCE";"BAR S S. / MERREY";"2008-09";0.00;0.00;0.00;0.00;1.00;1.00;0.00;0.00;0.00;1.00;804557.34;6778222.09
132;"BAR";"MERREY-SUR-ARCE";"BAR S S. / MERREY";"2009-10";2.00;1.00;0.00;2.00;0.00;3.00;0.00;0.00;0.00;5.00;804557.34;6778222.09
133;"BAR";"MERREY-SUR-ARCE";"BAR S S. / MERREY";"2010-11";4.00;3.00;0.00;0.00;4.00;7.00;0.00;0.00;0.00;11.00;804557.34;6778222.09
134;"BAR";"MERREY-SUR-ARCE";"BAR S S. / MERREY";"2011-12";0.00;2.00;0.00;0.00;0.00;2.00;0.00;0.00;0.00;2.00;804557.34;6778222.09
135;"SAR";"MONTCEAUX-LES-VAUDES";"MONTCEAUX";"2005-06";0.00;2.00;0.00;0.00;0.00;2.00;0.00;0.00;0.00;2.00;786023.72;6783833.64
136;"SAR";"MONTCEAUX-LES-VAUDES";"MONTCEAUX";"2006-07";0.00;0.00;0.00;0.00;0.00;0.00;0.00;0.00;0.00;0.00;786023.72;6783833.64
137;"SAR";"MONTCEAUX-LES-VAUDES";"MONTCEAUX";"2007-08";0.00;0.00;0.00;0.00;0.00;0.00;0.00;0.00;0.00;0.00;786023.72;6783833.64
138;"SAR";"MONTCEAUX-LES-VAUDES";"MONTCEAUX";"2008-09";3.00;0.00;0.00;0.00;0.00;0.00;5.00;0.00;0.00;8.00;786023.72;6783833.64
139;"SAR";"MONTCEAUX-LES-VAUDES";"MONTCEAUX";"2009-10";13.00;1.00;0.00;0.00;0.00;1.00;10.00;1.00;0.00;25.00;786023.72;6783833.64
140;"SAR";"MONTCEAUX-LES-VAUDES";"MONTCEAUX";"2010-11";7.00;3.00;0.00;2.00;0.00;5.00;5.00;0.00;0.00;17.00;786023.72;6783833.64
141;"SAR";"MONTCEAUX-LES-VAUDES";"MONTCEAUX";"2011-12";1.00;0.00;0.00;0.00;0.00;0.00;1.00;0.00;0.00;2.00;786023.72;6783833.64
142;"BAR";"MONTMARTIN-LE-HAUT";"BOSSICAN";"2005-06";0.00;5.00;0.00;0.00;0.00;5.00;0.00;2.00;0.00;7.00;815144.20;6791009.81
143;"BAR";"MONTMARTIN-LE-HAUT";"BOSSICAN";"2006-07";0.00;1.00;0.00;0.00;0.00;1.00;0.00;0.00;0.00;1.00;815144.20;6791009.81
144;"BAR";"MONTMARTIN-LE-HAUT";"BOSSICAN";"2007-08";0.00;3.00;0.00;3.00;0.00;6.00;0.00;0.00;0.00;6.00;815144.20;6791009.81
145;"BAR";"MONTMARTIN-LE-HAUT";"BOSSICAN";"2008-09";0.00;0.00;0.00;0.00;0.00;0.00;0.00;0.00;6.00;6.00;815144.20;6791009.81
146;"BAR";"MONTMARTIN-LE-HAUT";"BOSSICAN";"2009-10";0.00;0.00;0.00;0.00;0.00;0.00;0.00;0.00;0.00;0.00;815144.20;6791009.81
147;"BAR";"MONTMARTIN-LE-HAUT";"BOSSICAN";"2010-11";0.00;0.00;0.00;0.00;0.00;0.00;0.00;0.00;0.00;0.00;815144.20;6791009.81
148;"BAR";"MONTMARTIN-LE-HAUT";"BOSSICAN";"2011-12";0.00;0.00;0.00;0.00;0.00;0.00;0.00;0.00;0.00;0.00;815144.20;6791009.81
149;"BAR";"MONTMARTIN-LE-HAUT";"MONTMARTIN";"2005-06";12.00;2.00;0.00;0.00;0.00;2.00;5.00;0.00;0.00;19.00;815144.20;6791009.81
150;"BAR";"MONTMARTIN-LE-HAUT";"MONTMARTIN";"2006-07";5.00;0.00;0.00;5.00;0.00;5.00;2.00;1.00;1.00;14.00;815144.20;6791009.81
151;"BAR";"MONTMARTIN-LE-HAUT";"MONTMARTIN";"2007-08";7.00;1.00;0.00;0.00;0.00;1.00;7.00;1.00;0.00;16.00;815144.20;6791009.81
152;"BAR";"MONTMARTIN-LE-HAUT";"MONTMARTIN";"2008-09";3.00;0.00;0.00;0.00;0.00;0.00;0.00;0.00;0.00;3.00;815144.20;6791009.81
153;"BAR";"MONTMARTIN-LE-HAUT";"MONTMARTIN";"2009-10";22.00;0.00;2.00;0.00;0.00;2.00;0.00;0.00;0.00;24.00;815144.20;6791009.81
154;"BAR";"MONTMARTIN-LE-HAUT";"MONTMARTIN";"2010-11";14.00;0.00;3.00;0.00;0.00;3.00;0.00;0.00;0.00;17.00;815144.20;6791009.81
155;"BAR";"MONTMARTIN-LE-HAUT";"MONTMARTIN";"2011-12";14.00;0.00;0.00;0.00;0.00;0.00;0.00;0.00;0.00;14.00;815144.20;6791009.81
156;"BAR";"NOE-LES-MALLETS";"NOE LES M";"2007-08";0.00;0.00;0.00;0.00;0.00;0.00;2.00;0.00;0.00;2.00;816214.32;6778687.66
157;"BAR";"NOE-LES-MALLETS";"NOE LES M.";"2008-09";0.00;0.00;0.00;0.00;0.00;0.00;0.00;0.00;0.00;0.00;816214.32;6778687.66
158;"BAR";"NOE-LES-MALLETS";"NOE LES M.";"2009-10";0.00;0.00;0.00;0.00;0.00;0.00;0.00;0.00;0.00;0.00;816214.32;6778687.66
159;"BAR";"NOE-LES-MALLETS";"NOE LES M.";"2010-11";0.00;0.00;0.00;0.00;0.00;0.00;0.00;0.00;0.00;0.00;816214.32;6778687.66
160;"BAR";"NOE-LES-MALLETS";"NOE LES M.";"2011-12";0.00;0.00;0.00;0.00;0.00;0.00;0.00;0.00;0.00;0.00;816214.32;6778687.66
161;"BAR";"NOE-LES-MALLETS";"NOE LES MALLETS";"2005-06";0.00;1.00;1.00;0.00;0.00;2.00;0.00;4.00;0.00;6.00;816214.32;6778687.66
162;"BAR";"NOE-LES-MALLETS";"NOE LES MALLETS";"2006-07";0.00;2.00;0.00;0.00;0.00;2.00;0.00;0.00;0.00;2.00;816214.32;6778687.66
163;"SAR";"POLISOT";"POLISOT";"2005-06";0.00;1.00;0.00;0.00;0.00;1.00;0.00;0.00;0.00;1.00;800919.81;6775637.13
164;"SAR";"POLISOT";"POLISOT";"2006-07";0.00;0.00;0.00;0.00;0.00;0.00;0.00;0.00;0.00;0.00;800919.81;6775637.13
165;"SAR";"POLISOT";"POLISOT";"2007-08";0.00;0.00;0.00;0.00;0.00;0.00;0.00;0.00;0.00;0.00;800919.81;6775637.13
166;"SAR";"POLISOT";"POLISOT";"2008-09";0.00;0.00;0.00;0.00;0.00;0.00;8.00;0.00;0.00;8.00;800919.81;6775637.13
167;"SAR";"POLISOT";"POLISOT";"2009-10";0.00;2.00;0.00;0.00;0.00;2.00;4.00;0.00;0.00;6.00;800919.81;6775637.13
168;"SAR";"POLISOT";"POLISOT";"2010-11";0.00;0.00;0.00;0.00;0.00;0.00;5.00;0.00;0.00;5.00;800919.81;6775637.13
169;"SAR";"POLISOT";"POLISOT";"2011-12";0.00;0.00;0.00;0.00;0.00;0.00;2.00;0.00;0.00;2.00;800919.81;6775637.13
170;"SAR";"POLISY";"POLISY";"2005-06";11.00;3.00;0.00;2.00;0.00;5.00;0.00;20.00;1.00;37.00;801406.99;6773880.78
171;"SAR";"POLISY";"POLISY";"2006-07";0.00;0.00;0.00;0.00;0.00;0.00;0.00;0.00;0.00;0.00;801406.99;6773880.78
172;"SAR";"POLISY";"POLISY";"2007-08";0.00;0.00;0.00;0.00;0.00;0.00;0.00;0.00;0.00;0.00;801406.99;6773880.78
173;"SAR";"POLISY";"POLISY";"2008-09";0.00;0.00;0.00;0.00;0.00;0.00;9.00;0.00;0.00;9.00;801406.99;6773880.78
174;"SAR";"POLISY";"POLISY";"2009-10";0.00;0.00;0.00;0.00;0.00;0.00;7.00;0.00;0.00;7.00;801406.99;6773880.78
175;"SAR";"POLISY";"POLISY";"2010-11";1.00;0.00;0.00;0.00;0.00;0.00;7.00;0.00;0.00;8.00;801406.99;6773880.78
176;"SAR";"POLISY";"POLISY";"2011-12";0.00;0.00;0.00;0.00;0.00;0.00;1.00;0.00;0.00;1.00;801406.99;6773880.78
177;"BAR";"PUITS-ET-NUISEMENT";"NUISEMENT";"2008-09";1.00;0.00;0.00;0.00;0.00;0.00;0.00;0.00;0.00;1.00;812170.04;6791582.23
178;"BAR";"PUITS-ET-NUISEMENT";"NUISEMENT";"2009-10";0.00;0.00;0.00;0.00;0.00;0.00;0.00;0.00;0.00;0.00;812170.04;6791582.23
179;"BAR";"PUITS-ET-NUISEMENT";"NUISEMENT";"2010-11";0.00;3.00;0.00;0.00;0.00;3.00;0.00;0.00;0.00;3.00;812170.04;6791582.23
180;"BAR";"PUITS-ET-NUISEMENT";"NUISEMENT";"2011-12";0.00;1.00;0.00;0.00;0.00;1.00;0.00;0.00;0.00;1.00;812170.04;6791582.23
181;"BAR";"PUITS-ET-NUISEMENT";"PUITS & NUISEMENT";"2005-06";20.00;5.00;0.00;1.00;2.00;8.00;0.00;5.00;2.00;35.00;812170.04;6791582.23
182;"BAR";"PUITS-ET-NUISEMENT";"PUITS & NUISEMENT";"2006-07";6.00;2.00;0.00;0.00;0.00;2.00;4.00;0.00;2.00;14.00;812170.04;6791582.23
183;"BAR";"PUITS-ET-NUISEMENT";"PUITS & NUISEMENT";"2007-08";8.00;0.00;0.00;0.00;0.00;0.00;4.00;0.00;1.00;13.00;812170.04;6791582.23
184;"SAR";"RUMILLY-LES-VAUDES";"MILESI";"2010-11";0.00;4.00;0.00;0.00;0.00;4.00;0.00;0.00;0.00;4.00;788908.77;6781214.74
185;"SAR";"RUMILLY-LES-VAUDES";"RUMILLY LES V.";"2005-06";0.00;4.00;0.00;0.00;3.00;7.00;0.00;0.00;0.00;7.00;788908.77;6781214.74
186;"SAR";"RUMILLY-LES-VAUDES";"RUMILLY LES V.";"2006-07";14.00;2.00;0.00;0.00;3.00;5.00;0.00;0.00;0.00;19.00;788908.77;6781214.74
187;"SAR";"RUMILLY-LES-VAUDES";"RUMILLY LES V.";"2007-08";14.00;0.00;0.00;0.00;2.00;2.00;0.00;0.00;1.00;17.00;788908.77;6781214.74
188;"SAR";"RUMILLY-LES-VAUDES";"RUMILLY LES V.";"2008-09";4.00;0.00;0.00;0.00;1.00;1.00;10.00;0.00;0.00;15.00;788908.77;6781214.74
189;"SAR";"RUMILLY-LES-VAUDES";"RUMILLY LES V.";"2009-10";20.00;0.00;0.00;0.00;0.00;0.00;14.00;0.00;0.00;34.00;788908.77;6781214.74
190;"SAR";"RUMILLY-LES-VAUDES";"RUMILLY LES V.";"2010-11";7.00;0.00;0.00;0.00;0.00;0.00;20.00;0.00;0.00;27.00;788908.77;6781214.74
191;"SAR";"RUMILLY-LES-VAUDES";"RUMILLY LES V.";"2011-12";2.00;0.00;0.00;0.00;0.00;0.00;2.00;0.00;0.00;4.00;788908.77;6781214.74
192;"SAR";"SAINT-PARRES-LES-VAUDES";"ST PARRES LES V.";"2005-06";23.00;4.00;0.00;0.00;0.00;4.00;0.00;1.00;0.00;28.00;790449.42;6786641.98
193;"SAR";"SAINT-PARRES-LES-VAUDES";"ST PARRES LES V.";"2006-07";2.00;0.00;0.00;0.00;0.00;0.00;0.00;0.00;1.00;3.00;790449.42;6786641.98
194;"SAR";"SAINT-PARRES-LES-VAUDES";"ST PARRES LES V.";"2007-08";1.00;13.00;0.00;0.00;0.00;13.00;0.00;0.00;0.00;14.00;790449.42;6786641.98
195;"SAR";"SAINT-PARRES-LES-VAUDES";"ST PARRES LES V.";"2008-09";0.00;1.00;0.00;0.00;0.00;1.00;1.00;0.00;0.00;2.00;790449.42;6786641.98
196;"SAR";"SAINT-PARRES-LES-VAUDES";"ST PARRES LES V.";"2009-10";5.00;5.00;0.00;0.00;0.00;5.00;1.00;0.00;2.00;13.00;790449.42;6786641.98
197;"SAR";"SAINT-PARRES-LES-VAUDES";"ST PARRES LES V.";"2010-11";2.00;6.00;0.00;0.00;0.00;6.00;0.00;0.00;0.00;8.00;790449.42;6786641.98
198;"SAR";"SAINT-PARRES-LES-VAUDES";"ST PARRES LES V.";"2011-12";2.00;1.00;0.00;0.00;0.00;1.00;0.00;0.00;0.00;3.00;790449.42;6786641.98
199;"SAR";"SAINT-THIBAULT";"ST THIBAULT";"2005-06";0.00;1.00;0.00;0.00;0.00;1.00;0.00;0.00;1.00;2.00;785232.91;6789538.69
200;"SAR";"SAINT-THIBAULT";"ST THIBAULT";"2006-07";0.00;0.00;0.00;0.00;0.00;0.00;0.00;0.00;0.00;0.00;785232.91;6789538.69
201;"SAR";"SAINT-THIBAULT";"ST THIBAULT";"2007-08";0.00;2.00;0.00;0.00;0.00;2.00;0.00;0.00;0.00;2.00;785232.91;6789538.69
202;"SAR";"SAINT-THIBAULT";"ST THIBAULT";"2008-09";9.00;1.00;0.00;0.00;0.00;1.00;3.00;0.00;0.00;13.00;785232.91;6789538.69
203;"SAR";"SAINT-THIBAULT";"ST THIBAULT";"2009-10";0.00;0.00;0.00;0.00;0.00;0.00;8.00;3.00;1.00;12.00;785232.91;6789538.69
204;"SAR";"SAINT-THIBAULT";"ST THIBAULT";"2010-11";0.00;0.00;0.00;0.00;0.00;0.00;3.00;0.00;0.00;3.00;785232.91;6789538.69
205;"SAR";"SAINT-THIBAULT";"ST THIBAULT";"2011-12";0.00;0.00;0.00;0.00;0.00;0.00;2.00;0.00;0.00;2.00;785232.91;6789538.69
206;"BAR";"THIEFFRAIN";"THEFFRAIN";"2008-09";1.00;0.00;0.00;0.00;0.00;0.00;0.00;0.00;0.00;1.00;806865.42;6789928.80
207;"BAR";"THIEFFRAIN";"THEFFRAIN";"2009-10";2.00;2.00;0.00;0.00;0.00;2.00;0.00;0.00;0.00;4.00;806865.42;6789928.80
208;"BAR";"THIEFFRAIN";"THEFFRAIN";"2011-12";1.00;1.00;0.00;0.00;0.00;1.00;0.00;0.00;0.00;2.00;806865.42;6789928.80
209;"BAR";"THIEFFRAIN";"THIEFFRAIN";"2005-06";2.00;3.00;0.00;0.00;0.00;3.00;16.00;5.00;0.00;26.00;806865.42;6789928.80
210;"BAR";"THIEFFRAIN";"THIEFFRAIN";"2006-07";2.00;1.00;0.00;0.00;0.00;1.00;14.00;0.00;0.00;17.00;806865.42;6789928.80
211;"BAR";"THIEFFRAIN";"THIEFFRAIN";"2007-08";5.00;2.00;0.00;0.00;0.00;2.00;14.00;0.00;0.00;21.00;806865.42;6789928.80
212;"BAR";"THIEFFRAIN";"THIEFFRAIN";"2010-11";2.00;3.00;0.00;0.00;0.00;3.00;0.00;0.00;0.00;5.00;806865.42;6789928.80
213;"SAR";"VAUDES";"VAUDES";"2005-06";0.00;0.00;0.00;0.00;0.00;0.00;0.00;0.00;0.00;0.00;787934.84;6786792.35
214;"SAR";"VAUDES";"VAUDES";"2006-07";3.00;0.00;0.00;0.00;0.00;0.00;0.00;0.00;0.00;3.00;787934.84;6786792.35
215;"SAR";"VAUDES";"VAUDES";"2007-08";1.00;0.00;0.00;0.00;0.00;0.00;0.00;0.00;1.00;2.00;787934.84;6786792.35
216;"SAR";"VAUDES";"VAUDES";"2008-09";0.00;0.00;0.00;0.00;0.00;0.00;2.00;0.00;0.00;2.00;787934.84;6786792.35
217;"SAR";"VAUDES";"VAUDES";"2009-10";6.00;0.00;0.00;2.00;0.00;2.00;5.00;0.00;1.00;14.00;787934.84;6786792.35
218;"SAR";"VAUDES";"VAUDES";"2010-11";2.00;0.00;0.00;0.00;0.00;0.00;3.00;0.00;1.00;6.00;787934.84;6786792.35
219;"SAR";"VAUDES";"VAUDES";"2011-12";3.00;0.00;0.00;0.00;0.00;0.00;0.00;0.00;0.00;3.00;787934.84;6786792.35
220;"BAR";"VENDEUVRE-SUR-BARSE";"VENDEUVRE";"2005-06";10.00;16.00;2.00;3.00;0.00;21.00;19.00;7.00;2.00;59.00;808453.73;6794976.44
221;"BAR";"VENDEUVRE-SUR-BARSE";"VENDEUVRE";"2006-07";11.00;10.00;4.00;0.00;0.00;14.00;14.00;0.00;3.00;42.00;808453.73;6794976.44
222;"BAR";"VENDEUVRE-SUR-BARSE";"VENDEUVRE";"2007-08";7.00;5.00;0.00;6.00;0.00;11.00;27.00;0.00;4.00;49.00;808453.73;6794976.44
223;"BAR";"VENDEUVRE-SUR-BARSE";"VENDEUVRE";"2008-09";1.00;0.00;0.00;0.00;0.00;0.00;0.00;0.00;2.00;3.00;808453.73;6794976.44
224;"BAR";"VENDEUVRE-SUR-BARSE";"VENDEUVRE";"2009-10";0.00;3.00;0.00;4.00;0.00;7.00;0.00;0.00;3.00;10.00;808453.73;6794976.44
225;"BAR";"VENDEUVRE-SUR-BARSE";"VENDEUVRE";"2010-11";1.00;0.00;2.00;0.00;2.00;4.00;0.00;0.00;2.00;7.00;808453.73;6794976.44
226;"BAR";"VENDEUVRE-SUR-BARSE";"VENDEUVRE";"2011-12";0.00;1.00;0.00;0.00;0.00;1.00;0.00;0.00;0.00;1.00;808453.73;6794976.44
227;"SAR";"VILLEMORIEN";"VILLEMORIEN";"2005-06";0.00;2.00;0.00;0.00;0.00;2.00;0.00;0.00;0.00;2.00;796392.27;6776272.14
228;"SAR";"VILLEMORIEN";"VILLEMORIEN";"2006-07";5.00;0.00;0.00;0.00;2.00;2.00;2.00;0.00;0.00;9.00;796392.27;6776272.14
229;"SAR";"VILLEMORIEN";"VILLEMORIEN";"2007-08";1.00;1.00;0.00;0.00;0.00;1.00;0.00;0.00;0.00;2.00;796392.27;6776272.14
230;"SAR";"VILLEMORIEN";"VILLEMORIEN";"2008-09";0.00;0.00;0.00;0.00;0.00;0.00;11.00;1.00;0.00;12.00;796392.27;6776272.14
231;"SAR";"VILLEMORIEN";"VILLEMORIEN";"2009-10";3.00;1.00;0.00;0.00;5.00;6.00;4.00;0.00;0.00;13.00;796392.27;6776272.14
232;"SAR";"VILLEMORIEN";"VILLEMORIEN";"2010-11";0.00;0.00;0.00;0.00;1.00;1.00;21.00;0.00;0.00;22.00;796392.27;6776272.14
233;"SAR";"VILLEMORIEN";"VILLEMORIEN";"2011-12";0.00;1.00;0.00;0.00;0.00;1.00;1.00;0.00;0.00;2.00;796392.27;6776272.14
234;"BAR";"VILLE-SUR-ARCE";"VILLE S. ARCE";"2005-06";5.00;3.00;1.00;1.00;2.00;7.00;2.00;0.00;1.00;15.00;807509.83;6779701.81
235;"BAR";"VILLE-SUR-ARCE";"VILLE S. ARCE";"2006-07";5.00;1.00;0.00;0.00;0.00;1.00;1.00;0.00;1.00;8.00;807509.83;6779701.81
236;"BAR";"VILLE-SUR-ARCE";"VILLE S. ARCE";"2007-08";10.00;2.00;0.00;8.00;0.00;10.00;2.00;0.00;0.00;22.00;807509.83;6779701.81
237;"BAR";"VILLE-SUR-ARCE";"VILLE S. ARCE";"2008-09";5.00;0.00;0.00;0.00;0.00;0.00;0.00;0.00;0.00;5.00;807509.83;6779701.81
238;"BAR";"VILLE-SUR-ARCE";"VILLE S. ARCE";"2009-10";3.00;0.00;0.00;1.00;0.00;1.00;0.00;0.00;1.00;5.00;807509.83;6779701.81
239;"BAR";"VILLE-SUR-ARCE";"VILLE S. ARCE";"2010-11";7.00;1.00;0.00;0.00;0.00;1.00;0.00;0.00;0.00;8.00;807509.83;6779701.81
240;"BAR";"VILLE-SUR-ARCE";"VILLE S. ARCE";"2011-12";2.00;1.00;0.00;0.00;0.00;1.00;0.00;0.00;0.00;3.00;807509.83;6779701.81
241;"SAR";"VILLIERS-SOUS-PRASLIN";"VILLIERS S. P.";"2005-06";0.00;0.00;0.00;0.00;0.00;0.00;0.00;0.00;0.00;0.00;793300.56;6774077.02
242;"SAR";"VILLIERS-SOUS-PRASLIN";"VILLIERS S. P.";"2006-07";11.00;2.00;0.00;0.00;0.00;2.00;0.00;3.00;3.00;19.00;793300.56;6774077.02
243;"SAR";"VILLIERS-SOUS-PRASLIN";"VILLIERS S. P.";"2007-08";9.00;0.00;0.00;0.00;0.00;0.00;0.00;3.00;0.00;12.00;793300.56;6774077.02
244;"SAR";"VILLIERS-SOUS-PRASLIN";"VILLIERS S. P.";"2008-09";5.00;0.00;0.00;0.00;0.00;0.00;13.00;2.00;0.00;20.00;793300.56;6774077.02
245;"SAR";"VILLIERS-SOUS-PRASLIN";"VILLIERS S. P.";"2009-10";8.00;6.00;0.00;0.00;0.00;6.00;12.00;1.00;0.00;27.00;793300.56;6774077.02
246;"SAR";"VILLIERS-SOUS-PRASLIN";"VILLIERS S. P.";"2010-11";4.00;2.00;0.00;0.00;0.00;2.00;11.00;0.00;0.00;17.00;793300.56;6774077.02
247;"SAR";"VILLIERS-SOUS-PRASLIN";"VILLIERS S. P.";"2011-12";1.00;0.00;0.00;0.00;0.00;0.00;0.00;0.00;0.00;1.00;793300.56;6774077.02
248;"SAR";"VIREY-SOUS-BAR";"VIREY S. BAR";"2005-06";3.00;0.00;0.00;0.00;0.00;0.00;0.00;0.00;0.00;3.00;797124.44;6782365.50
249;"SAR";"VIREY-SOUS-BAR";"VIREY S. BAR";"2006-07";0.00;0.00;0.00;0.00;0.00;0.00;0.00;0.00;1.00;1.00;797124.44;6782365.50
250;"SAR";"VIREY-SOUS-BAR";"VIREY S. BAR";"2007-08";0.00;0.00;0.00;0.00;0.00;0.00;0.00;0.00;0.00;0.00;797124.44;6782365.50
251;"SAR";"VIREY-SOUS-BAR";"VIREY S. BAR";"2008-09";0.00;1.00;0.00;0.00;0.00;1.00;7.00;1.00;0.00;9.00;797124.44;6782365.50
252;"SAR";"VIREY-SOUS-BAR";"VIREY S. BAR";"2009-10";0.00;2.00;0.00;0.00;0.00;2.00;7.00;0.00;1.00;10.00;797124.44;6782365.50
253;"SAR";"VIREY-SOUS-BAR";"VIREY S. BAR";"2010-11";0.00;0.00;0.00;0.00;0.00;0.00;3.00;0.00;0.00;3.00;797124.44;6782365.50
254;"SAR";"VIREY-SOUS-BAR";"VIREY S. BAR";"2011-12";0.00;0.00;0.00;0.00;0.00;0.00;1.00;0.00;0.00;1.00;797124.44;6782365.50
255;"BAR";"VITRY-LE-CROISE";"VITRY";"2005-06";14.00;4.00;0.00;0.00;0.00;4.00;19.00;5.00;1.00;43.00;817443.38;6783735.89
256;"BAR";"VITRY-LE-CROISE";"VITRY";"2006-07";18.00;2.00;0.00;1.00;0.00;3.00;25.00;1.00;2.00;49.00;817443.38;6783735.89
257;"BAR";"VITRY-LE-CROISE";"VITRY";"2007-08";14.00;4.00;0.00;0.00;0.00;4.00;27.00;1.00;3.00;49.00;817443.38;6783735.89
258;"BAR";"VITRY-LE-CROISE";"VITRY";"2008-09";4.00;0.00;0.00;3.00;0.00;3.00;0.00;0.00;0.00;7.00;817443.38;6783735.89
259;"BAR";"VITRY-LE-CROISE";"VITRY";"2009-10";0.00;0.00;0.00;0.00;0.00;0.00;0.00;0.00;0.00;0.00;817443.38;6783735.89
260;"BAR";"VITRY-LE-CROISE";"VITRY";"2010-11";0.00;3.00;0.00;1.00;0.00;4.00;0.00;0.00;0.00;4.00;817443.38;6783735.89
261;"BAR";"VITRY-LE-CROISE";"VITRY";"2011-12";0.00;1.00;0.00;0.00;0.00;1.00;0.00;0.00;0.00;1.00;817443.38;6783735.89
262;"SAR";"VOUGREY";"VOUGREY LANT.";"2005-06";0.00;2.00;0.00;0.00;0.00;2.00;0.00;0.00;0.00;2.00;791945.26;6777067.70
263;"SAR";"VOUGREY";"VOUGREY LANT.";"2006-07";0.00;2.00;0.00;0.00;2.00;4.00;1.00;1.00;0.00;6.00;791945.26;6777067.70
264;"SAR";"VOUGREY";"VOUGREY LANT.";"2007-08";0.00;0.00;0.00;2.00;12.00;14.00;0.00;1.00;0.00;15.00;791945.26;6777067.70
265;"SAR";"VOUGREY";"VOUGREY LANT.";"2008-09";3.00;3.00;0.00;3.00;7.00;13.00;29.00;1.00;3.00;49.00;791945.26;6777067.70
266;"SAR";"VOUGREY";"VOUGREY LANT.";"2009-10";9.00;5.00;0.00;13.00;0.00;18.00;26.00;4.00;0.00;57.00;791945.26;6777067.70
267;"SAR";"VOUGREY";"VOUGREY LANT.";"2010-11";10.00;1.00;0.00;1.00;0.00;2.00;14.00;2.00;0.00;28.00;791945.26;6777067.70
268;"SAR";"VOUGREY";"VOUGREY LANT.";"2011-12";5.00;2.00;0.00;0.00;0.00;2.00;4.00;0.00;0.00;11.00;791945.26;6777067.70
269;"BAR";;"Plus";"2008-09";56.00;14.00;0.00;0.00;0.00;14.00;49.00;0.00;0.00;119.00;;
270;"SAR";;"Plus ";"2008-09";9.00;9.00;0.00;0.00;0.00;9.00;0.00;0.00;0.00;18.00;;
