"Parameter","Year","Age","ParamName","median","lCI","uCI"
"B.tot[10]",2013,NA,"B.tot",72,38,121
"B.tot[11]",2014,NA,"B.tot",68,41,103
"B.tot[12]",2015,NA,"B.tot",89,56,138
"B.tot[13]",2016,NA,"B.tot",129,83,196
"B.tot[14]",2017,NA,"B.tot",103,59,172
"B.tot[15]",2018,NA,"B.tot",102,64,163
"B.tot[16]",2019,NA,"B.tot",100,67,148
"B.tot[17]",2020,NA,"B.tot",58,33,99
"B.tot[18]",2021,NA,"B.tot",46,23,84
"B.tot[19]",2022,NA,"B.tot",41,13,89.125
"B.tot[1]",2004,NA,"B.tot",0,0,0
"B.tot[2]",2005,NA,"B.tot",67,49,91
"B.tot[3]",2006,NA,"B.tot",54,38,78
"B.tot[4]",2007,NA,"B.tot",43,26,66
"B.tot[5]",2008,NA,"B.tot",71,47,103
"B.tot[6]",2009,NA,"B.tot",46,30,67
"B.tot[7]",2010,NA,"B.tot",42,28,61
"B.tot[8]",2011,NA,"B.tot",126,92,175
"B.tot[9]",2012,NA,"B.tot",204,137,306
"B[1, 10]",2013,"0","B",0,0,0
"B[1, 11]",2014,"0","B",0,0,0
"B[1, 12]",2015,"0","B",0,0,0
"B[1, 13]",2016,"0","B",0,0,0
"B[1, 14]",2017,"0","B",0,0,0
"B[1, 15]",2018,"0","B",0,0,0
"B[1, 16]",2019,"0","B",0,0,0
"B[1, 17]",2020,"0","B",0,0,0
"B[1, 18]",2021,"0","B",0,0,0
"B[1, 19]",2022,"0","B",0,0,0
"B[1, 1]",2004,"0","B",0,0,0
"B[1, 2]",2005,"0","B",0,0,0
"B[1, 3]",2006,"0","B",0,0,0
"B[1, 4]",2007,"0","B",0,0,0
"B[1, 5]",2008,"0","B",0,0,0
"B[1, 6]",2009,"0","B",0,0,0
"B[1, 7]",2010,"0","B",0,0,0
"B[1, 8]",2011,"0","B",0,0,0
"B[1, 9]",2012,"0","B",0,0,0
"B[2, 10]",2013,"1","B",9,2,23
"B[2, 11]",2014,"1","B",6,1,16
"B[2, 12]",2015,"1","B",36,18,66
"B[2, 13]",2016,"1","B",69,37,122
"B[2, 14]",2017,"1","B",21,7,51
"B[2, 15]",2018,"1","B",13,3,39
"B[2, 16]",2019,"1","B",31,11,68
"B[2, 17]",2020,"1","B",21,8,44
"B[2, 18]",2021,"1","B",9,2,24
"B[2, 19]",2022,"1","B",10,1,34
"B[2, 1]",2004,"1","B",0,0,0
"B[2, 2]",2005,"1","B",6,2,12
"B[2, 3]",2006,"1","B",15,7,28
"B[2, 4]",2007,"1","B",13,5,25
"B[2, 5]",2008,"1","B",35,20,59
"B[2, 6]",2009,"1","B",8,2,18
"B[2, 7]",2010,"1","B",9,3,17
"B[2, 8]",2011,"1","B",90,61,132
"B[2, 9]",2012,"1","B",127,76.875,203
"B[3, 10]",2013,"2","B",33,14,64
"B[3, 11]",2014,"2","B",10,4,22
"B[3, 12]",2015,"2","B",7,2,18
"B[3, 13]",2016,"2","B",26,12,47
"B[3, 14]",2017,"2","B",47,23,88
"B[3, 15]",2018,"2","B",22,9,47
"B[3, 16]",2019,"2","B",10,2,23
"B[3, 17]",2020,"2","B",10,3,28
"B[3, 18]",2021,"2","B",14,4,31
"B[3, 19]",2022,"2","B",7,1,22
"B[3, 1]",2004,"2","B",0,0,0
"B[3, 2]",2005,"2","B",16,8,27
"B[3, 3]",2006,"2","B",6,2,11
"B[3, 4]",2007,"2","B",10,4,17
"B[3, 5]",2008,"2","B",14,7,23
"B[3, 6]",2009,"2","B",18,9,31
"B[3, 7]",2010,"2","B",7,3,14
"B[3, 8]",2011,"2","B",12,6,21
"B[3, 9]",2012,"2","B",52,32,85
"B[4, 10]",2013,"3","B",17,7,34
"B[4, 11]",2014,"3","B",28,14,50
"B[4, 12]",2015,"3","B",8,3,18
"B[4, 13]",2016,"3","B",4,1,11
"B[4, 14]",2017,"3","B",15,6,29
"B[4, 15]",2018,"3","B",39,20,71
"B[4, 16]",2019,"3","B",14,6,27
"B[4, 17]",2020,"3","B",3,0,10
"B[4, 18]",2021,"3","B",6,1,18
"B[4, 19]",2022,"3","B",8,1,23
"B[4, 1]",2004,"3","B",0,0,0
"B[4, 2]",2005,"3","B",23,13,38
"B[4, 3]",2006,"3","B",10,5,17
"B[4, 4]",2007,"3","B",3,0,6
"B[4, 5]",2008,"3","B",7,3,13
"B[4, 6]",2009,"3","B",7,2,13
"B[4, 7]",2010,"3","B",12,6,21
"B[4, 8]",2011,"3","B",6,2,13
"B[4, 9]",2012,"3","B",8,3,14
"B[5, 10]",2013,"4+","B",12,5,22
"B[5, 11]",2014,"4+","B",21,11,35
"B[5, 12]",2015,"4+","B",36,20,57
"B[5, 13]",2016,"4+","B",28,13,48
"B[5, 14]",2017,"4+","B",18,6,36
"B[5, 15]",2018,"4+","B",25,12,43
"B[5, 16]",2019,"4+","B",44,27,64
"B[5, 17]",2020,"4+","B",22,10,39
"B[5, 18]",2021,"4+","B",15,6,29
"B[5, 19]",2022,"4+","B",13,3,29
"B[5, 1]",2004,"4+","B",0,0,0
"B[5, 2]",2005,"4+","B",21,11,38
"B[5, 3]",2006,"4+","B",23,12,41
"B[5, 4]",2007,"4+","B",17,8,34
"B[5, 5]",2008,"4+","B",13,6,29
"B[5, 6]",2009,"4+","B",12,5,24
"B[5, 7]",2010,"4+","B",13,6,25
"B[5, 8]",2011,"4+","B",17,9,31
"B[5, 9]",2012,"4+","B",16,9,29
"Imm[10]",2013,NA,"Imm",2,0,34
"Imm[11]",2014,NA,"Imm",25,0,144
"Imm[12]",2015,NA,"Imm",173,37,445
"Imm[13]",2016,NA,"Imm",11,0,103
"Imm[14]",2017,NA,"Imm",3,0,43
"Imm[15]",2018,NA,"Imm",155,5,1349.125
"Imm[16]",2019,NA,"Imm",33,0,251
"Imm[17]",2020,NA,"Imm",8,0,102
"Imm[18]",2021,NA,"Imm",12,0,150
"Imm[19]",2022,NA,"Imm",0,0,0
"Imm[1]",2004,NA,"Imm",0,0,0
"Imm[2]",2005,NA,"Imm",4,0,48
"Imm[3]",2006,NA,"Imm",4,0,48
"Imm[4]",2007,NA,"Imm",81,16,239
"Imm[5]",2008,NA,"Imm",3,0,40
"Imm[6]",2009,NA,"Imm",2,0,35
"Imm[7]",2010,NA,"Imm",99,37,196
"Imm[8]",2011,NA,"Imm",143,10,425
"Imm[9]",2012,NA,"Imm",7,0,73
"L[1, 10]",2013,"0","L",0,0,0
"L[1, 11]",2014,"0","L",0,0,0
"L[1, 12]",2015,"0","L",0,0,0
"L[1, 13]",2016,"0","L",0,0,0
"L[1, 14]",2017,"0","L",0,0,0
"L[1, 15]",2018,"0","L",0,0,0
"L[1, 16]",2019,"0","L",0,0,0
"L[1, 17]",2020,"0","L",0,0,0
"L[1, 18]",2021,"0","L",0,0,0
"L[1, 19]",2022,"0","L",0,0,0
"L[1, 1]",2004,"0","L",0,0,0
"L[1, 2]",2005,"0","L",0,0,0
"L[1, 3]",2006,"0","L",0,0,0
"L[1, 4]",2007,"0","L",0,0,0
"L[1, 5]",2008,"0","L",0,0,0
"L[1, 6]",2009,"0","L",0,0,0
"L[1, 7]",2010,"0","L",0,0,0
"L[1, 8]",2011,"0","L",0,0,0
"L[1, 9]",2012,"0","L",0,0,0
"L[2, 10]",2013,"1","L",16,2,47
"L[2, 11]",2014,"1","L",12,1,38
"L[2, 12]",2015,"1","L",80,36,153
"L[2, 13]",2016,"1","L",152,77,281
"L[2, 14]",2017,"1","L",42,12,107
"L[2, 15]",2018,"1","L",32,5,103
"L[2, 16]",2019,"1","L",73,24,163
"L[2, 17]",2020,"1","L",48,18,107
"L[2, 18]",2021,"1","L",20,3,55
"L[2, 19]",2022,"1","L",23,2,78
"L[2, 1]",2004,"1","L",0,0,0
"L[2, 2]",2005,"1","L",12,2,28
"L[2, 3]",2006,"1","L",33,14,64
"L[2, 4]",2007,"1","L",30,10,62
"L[2, 5]",2008,"1","L",81,43,143
"L[2, 6]",2009,"1","L",15,3,37
"L[2, 7]",2010,"1","L",20,5,44
"L[2, 8]",2011,"1","L",249,161,374
"L[2, 9]",2012,"1","L",291,170,476
"L[3, 10]",2013,"2","L",67,27,140
"L[3, 11]",2014,"2","L",24,7,55
"L[3, 12]",2015,"2","L",16,3,45
"L[3, 13]",2016,"2","L",63,27,118
"L[3, 14]",2017,"2","L",100,44,199
"L[3, 15]",2018,"2","L",60,22,138
"L[3, 16]",2019,"2","L",25,5,63
"L[3, 17]",2020,"2","L",25,6,72
"L[3, 18]",2021,"2","L",33,9,77
"L[3, 19]",2022,"2","L",17,2,55
"L[3, 1]",2004,"2","L",0,0,0
"L[3, 2]",2005,"2","L",35,16,63
"L[3, 3]",2006,"2","L",13,3,28
"L[3, 4]",2007,"2","L",24,8,47
"L[3, 5]",2008,"2","L",34,15,62.125
"L[3, 6]",2009,"2","L",38,17,70
"L[3, 7]",2010,"2","L",17,5,40
"L[3, 8]",2011,"2","L",36,16,66
"L[3, 9]",2012,"2","L",130,74,220
"L[4, 10]",2013,"3","L",40,14,85
"L[4, 11]",2014,"3","L",76,35,138
"L[4, 12]",2015,"3","L",22,5,52
"L[4, 13]",2016,"3","L",11,0,33
"L[4, 14]",2017,"3","L",36,11,75
"L[4, 15]",2018,"3","L",122,58,232
"L[4, 16]",2019,"3","L",40,15,80
"L[4, 17]",2020,"3","L",9,0,30
"L[4, 18]",2021,"3","L",16,3,52.125
"L[4, 19]",2022,"3","L",23,2,68
"L[4, 1]",2004,"3","L",0,0,0
"L[4, 2]",2005,"3","L",57,29,99
"L[4, 3]",2006,"3","L",26,11,50
"L[4, 4]",2007,"3","L",7,0,20
"L[4, 5]",2008,"3","L",19,6,41
"L[4, 6]",2009,"3","L",16,4,36
"L[4, 7]",2010,"3","L",34,14,66
"L[4, 8]",2011,"3","L",20,6,46
"L[4, 9]",2012,"3","L",21,7,44
"L[5, 10]",2013,"4+","L",26,9,52
"L[5, 11]",2014,"4+","L",53,24,94
"L[5, 12]",2015,"4+","L",91,45,155
"L[5, 13]",2016,"4+","L",70,29,128
"L[5, 14]",2017,"4+","L",41,12,87.125
"L[5, 15]",2018,"4+","L",73,30,133
"L[5, 16]",2019,"4+","L",119,69,183
"L[5, 17]",2020,"4+","L",58,25,108
"L[5, 18]",2021,"4+","L",38,13,78
"L[5, 19]",2022,"4+","L",32,7,77
"L[5, 1]",2004,"4+","L",0,0,0
"L[5, 2]",2005,"4+","L",48,22,92
"L[5, 3]",2006,"4+","L",56,28,104
"L[5, 4]",2007,"4+","L",44,18,93
"L[5, 5]",2008,"4+","L",35,13,79
"L[5, 6]",2009,"4+","L",27,9,57
"L[5, 7]",2010,"4+","L",34,14,71
"L[5, 8]",2011,"4+","L",54,25,103
"L[5, 9]",2012,"4+","L",42,20,81
"Mu.Psi[1]",NA,"0","Mu.Psi",0,0,0
"Mu.Psi[2]",NA,"1","Mu.Psi",0.47445669618085,0.357744868661175,0.582897244206352
"Mu.Psi[3]",NA,"2","Mu.Psi",0.684396879058156,0.561862764981046,0.790181215870343
"Mu.Psi[4]",NA,"3","Mu.Psi",0.851409075314158,0.744467135248666,0.922867429020728
"Mu.Psi[5]",NA,"4+","Mu.Psi",0.874771261031006,0.784923656965063,0.935164263363187
"Mu.S0",NA,NA,"Mu.S0",0.664073551869266,0.478516081244738,0.865172382442937
"Mu.S[1]",NA,"0","Mu.S",0.295367887255759,0.129837925322223,0.419929644600774
"Mu.S[2]",NA,"1","Mu.S",0.534475246035702,0.367931670499541,0.668670924253478
"Mu.S[3]",NA,"2","Mu.S",0.513166432141203,0.35432985113418,0.650935155559687
"Mu.S[4]",NA,"3","Mu.S",0.196336545331747,0.0129032664231442,0.472818044107478
"Mu.S[5]",NA,"4+","Mu.S",0.620908233958526,0.464466891288654,0.766943917302275
"Mu.Snat[1]",NA,"0","Mu.Snat",0.413658507101468,0.18730406042471,0.604245482874877
"Mu.Snat[2]",NA,"1","Mu.Snat",0.844334205158459,0.582693089546837,0.98803232903978
"Mu.Snat[3]",NA,"2","Mu.Snat",0.890786714099575,0.634027163376094,0.994997094974032
"Mu.Snat[4]",NA,"3","Mu.Snat",0.433710330061524,0.115484639356235,0.765503968237843
"Mu.Snat[5]",NA,"4+","Mu.Snat",0.977983321762188,0.885887740576747,0.99918103092349
"Mu.Ss[1]",NA,"0","Mu.Ss",0.941137604043977,0.834830210495107,0.965988015994307
"Mu.Ss[2]",NA,"1","Mu.Ss",0.96327064440168,0.892069562580691,0.982042976786496
"Mu.Ss[3]",NA,"2","Mu.Ss",0.924910589806099,0.793067661543989,0.963204976795383
"Mu.Ss[4]",NA,"3","Mu.Ss",0.918875062833256,0.788576278354646,0.966965127517874
"Mu.Ss[5]",NA,"4+","Mu.Ss",0.96362145866334,0.899146566411563,0.987677003524812
"Mu.immR",NA,NA,"Mu.immR",0.10745702325032,0.0800581028309958,0.141333225297476
"Mu.mH[1]",NA,"0","Mu.mH",0.336132480141208,0.241069295581577,0.474063204623385
"Mu.mH[2]",NA,"1","Mu.mH",0.444339997008164,0.324541368657154,0.620821574188994
"Mu.mH[3]",NA,"2","Mu.mH",0.528586318018781,0.349528838875541,0.785618841387183
"Mu.mH[4]",NA,"3","Mu.mH",0.756134776786649,0.366140536541055,2.47313523751713
"Mu.mH[5]",NA,"4+","Mu.mH",0.439962551177363,0.244464260773471,0.73203576521813
"Mu.mHs[1]",NA,"0","Mu.mHs",0.0606659183737801,0.0346038507345437,0.18052691813024
"Mu.mHs[2]",NA,"1","Mu.mHs",0.0374208636767967,0.018120207036967,0.114211165838035
"Mu.mHs[3]",NA,"2","Mu.mHs",0.0780582058196804,0.0374890375045977,0.231846739380684
"Mu.mHs[4]",NA,"3","Mu.mHs",0.0846051149072614,0.03359284672887,0.237526144380002
"Mu.mHs[5]",NA,"4+","Mu.mHs",0.0370567392249356,0.0123995541958677,0.106309225087953
"Mu.mO[1]",NA,"0","Mu.mO",0.882714507617214,0.503774735042533,1.67502201075511
"Mu.mO[2]",NA,"1","Mu.mO",0.169206885122351,0.0120398600700042,0.540094673526746
"Mu.mO[3]",NA,"2","Mu.mO",0.115650258289715,0.00501546145197999,0.455663493727568
"Mu.mO[4]",NA,"3","Mu.mO",0.835378410025572,0.267220880079204,2.15861775559319
"Mu.mO[5]",NA,"4+","Mu.mO",0.0222626625063183,0.00081930461733296,0.12116504028442
"Mu.rho[1]",NA,"0","Mu.rho",0,0,0
"Mu.rho[2]",NA,"1","Mu.rho",4.46254562421004,3.9847571183376,5.00417958211844
"Mu.rho[3]",NA,"2","Mu.rho",4.80016243105142,4.26707135767705,5.41948034912607
"Mu.rho[4]",NA,"3","Mu.rho",5.50025015127124,4.86014209168367,6.19983460319136
"Mu.rho[5]",NA,"4+","Mu.rho",5.1147468690638,4.58648190694714,5.69186669720178
"N.tot[10]",2013,NA,"N.tot",267,169,416
"N.tot[11]",2014,NA,"N.tot",210,130,330
"N.tot[12]",2015,NA,"N.tot",265,170,418
"N.tot[13]",2016,NA,"N.tot",432,288,647
"N.tot[14]",2017,NA,"N.tot",339,212,541.125
"N.tot[15]",2018,NA,"N.tot",340,212,534
"N.tot[16]",2019,NA,"N.tot",303,200,457
"N.tot[17]",2020,NA,"N.tot",200,123,346
"N.tot[18]",2021,NA,"N.tot",156,82,284
"N.tot[19]",2022,NA,"N.tot",138,48,299
"N.tot[1]",2004,NA,"N.tot",0,0,0
"N.tot[2]",2005,NA,"N.tot",202,147,275
"N.tot[3]",2006,NA,"N.tot",163,118,233
"N.tot[4]",2007,NA,"N.tot",143,94,211
"N.tot[5]",2008,NA,"N.tot",215,144,313
"N.tot[6]",2009,NA,"N.tot",141,98,203.125
"N.tot[7]",2010,NA,"N.tot",139,95,202
"N.tot[8]",2011,NA,"N.tot",384,265,549
"N.tot[9]",2012,NA,"N.tot",591,386,881
"N[1, 10]",2013,"0","N",100,43,198
"N[1, 11]",2014,"0","N",113,59,194
"N[1, 12]",2015,"0","N",140,76,244
"N[1, 13]",2016,"0","N",200,112,338
"N[1, 14]",2017,"0","N",146,73,270
"N[1, 15]",2018,"0","N",195,107,329
"N[1, 16]",2019,"0","N",175,105,283.125
"N[1, 17]",2020,"0","N",96,49,183
"N[1, 18]",2021,"0","N",75,33,152
"N[1, 19]",2022,"0","N",65,19,158
"N[1, 1]",2004,"0","N",0,0,0
"N[1, 2]",2005,"0","N",104,65,158
"N[1, 3]",2006,"0","N",86,55,135
"N[1, 4]",2007,"0","N",71,36,122
"N[1, 5]",2008,"0","N",114,64,184
"N[1, 6]",2009,"0","N",66,37,110
"N[1, 7]",2010,"0","N",73,40,122
"N[1, 8]",2011,"0","N",240,147,368.125
"N[1, 9]",2012,"0","N",320,181,518
"N[2, 10]",2013,"1","N",38,19,73
"N[2, 11]",2014,"1","N",16,5,36
"N[2, 12]",2015,"1","N",64,39,103
"N[2, 13]",2016,"1","N",151,96,235
"N[2, 14]",2017,"1","N",62,31,121
"N[2, 15]",2018,"1","N",29,9,76
"N[2, 16]",2019,"1","N",50,21,101
"N[2, 17]",2020,"1","N",54.5,30,97
"N[2, 18]",2021,"1","N",26,11,57
"N[2, 19]",2022,"1","N",29,6,77
"N[2, 1]",2004,"1","N",0,0,0
"N[2, 2]",2005,"1","N",15,9,26
"N[2, 3]",2006,"1","N",30,20,46
"N[2, 4]",2007,"1","N",31,20,47
"N[2, 5]",2008,"1","N",59,40,89
"N[2, 6]",2009,"1","N",20,11,36
"N[2, 7]",2010,"1","N",22,14,34
"N[2, 8]",2011,"1","N",105,75,149
"N[2, 9]",2012,"1","N",181,119,277
"N[3, 10]",2013,"2","N",79,50,128
"N[3, 11]",2014,"2","N",18,8,35
"N[3, 12]",2015,"2","N",9,3,22
"N[3, 13]",2016,"2","N",39,22,66
"N[3, 14]",2017,"2","N",84,51,139
"N[3, 15]",2018,"2","N",34,16,66
"N[3, 16]",2019,"2","N",12,4,29
"N[3, 17]",2020,"2","N",17,6,45
"N[3, 18]",2021,"2","N",25,10,50
"N[3, 19]",2022,"2","N",13,3,35
"N[3, 1]",2004,"2","N",0,0,0
"N[3, 2]",2005,"2","N",27,18,40
"N[3, 3]",2006,"2","N",8,5,13
"N[3, 4]",2007,"2","N",15,9,24
"N[3, 5]",2008,"2","N",18,11,28
"N[3, 6]",2009,"2","N",30,19,46
"N[3, 7]",2010,"2","N",12,7,21
"N[3, 8]",2011,"2","N",13,7,22
"N[3, 9]",2012,"2","N",62,39,98
"N[4, 10]",2013,"3","N",27,14,46
"N[4, 11]",2014,"3","N",36,20,62
"N[4, 12]",2015,"3","N",9,3,20
"N[4, 13]",2016,"3","N",5,1,13
"N[4, 14]",2017,"3","N",19,9,36
"N[4, 15]",2018,"3","N",47,25,83
"N[4, 16]",2019,"3","N",15,7,29
"N[4, 17]",2020,"3","N",4,1,12
"N[4, 18]",2021,"3","N",8,2,23
"N[4, 19]",2022,"3","N",11,2,29
"N[4, 1]",2004,"3","N",0,0,0
"N[4, 2]",2005,"3","N",29,17,46
"N[4, 3]",2006,"3","N",11,7,19
"N[4, 4]",2007,"3","N",3,1,7
"N[4, 5]",2008,"3","N",8,3,14
"N[4, 6]",2009,"3","N",9,4,16
"N[4, 7]",2010,"3","N",15,8,26
"N[4, 8]",2011,"3","N",6,2,13
"N[4, 9]",2012,"3","N",8,4,15
"N[5, 10]",2013,"4+","N",17,10,29
"N[5, 11]",2014,"4+","N",26,14,42
"N[5, 12]",2015,"4+","N",40,22,62
"N[5, 13]",2016,"4+","N",32,15,54
"N[5, 14]",2017,"4+","N",23,9,43
"N[5, 15]",2018,"4+","N",30,14,49
"N[5, 16]",2019,"4+","N",48,30,69
"N[5, 17]",2020,"4+","N",27,13,46
"N[5, 18]",2021,"4+","N",19,8,35
"N[5, 19]",2022,"4+","N",16,5,34
"N[5, 1]",2004,"4+","N",0,0,0
"N[5, 2]",2005,"4+","N",25,14,45
"N[5, 3]",2006,"4+","N",26,14,46
"N[5, 4]",2007,"4+","N",20,10,39
"N[5, 5]",2008,"4+","N",15,7,31
"N[5, 6]",2009,"4+","N",14,7,29
"N[5, 7]",2010,"4+","N",15,8,29
"N[5, 8]",2011,"4+","N",18,9,32
"N[5, 9]",2012,"4+","N",17,9,30
"Psi[1, 10]",2013,"0","Psi",0,0,0
"Psi[1, 11]",2014,"0","Psi",0,0,0
"Psi[1, 12]",2015,"0","Psi",0,0,0
"Psi[1, 13]",2016,"0","Psi",0,0,0
"Psi[1, 14]",2017,"0","Psi",0,0,0
"Psi[1, 15]",2018,"0","Psi",0,0,0
"Psi[1, 16]",2019,"0","Psi",0,0,0
"Psi[1, 17]",2020,"0","Psi",0,0,0
"Psi[1, 18]",2021,"0","Psi",0,0,0
"Psi[1, 19]",2022,"0","Psi",0,0,0
"Psi[1, 1]",2004,"0","Psi",0,0,0
"Psi[1, 2]",2005,"0","Psi",0,0,0
"Psi[1, 3]",2006,"0","Psi",0,0,0
"Psi[1, 4]",2007,"0","Psi",0,0,0
"Psi[1, 5]",2008,"0","Psi",0,0,0
"Psi[1, 6]",2009,"0","Psi",0,0,0
"Psi[1, 7]",2010,"0","Psi",0,0,0
"Psi[1, 8]",2011,"0","Psi",0,0,0
"Psi[1, 9]",2012,"0","Psi",0,0,0
"Psi[2, 10]",2013,"1","Psi",0.236980935660179,0.106489498171634,0.414782415327225
"Psi[2, 11]",2014,"1","Psi",0.37656026671663,0.199548723510304,0.594572334539609
"Psi[2, 12]",2015,"1","Psi",0.572704150950686,0.37475905245144,0.746543602784566
"Psi[2, 13]",2016,"1","Psi",0.467786396418075,0.300504654642669,0.620684950757743
"Psi[2, 14]",2017,"1","Psi",0.357055963951056,0.183293632273279,0.573453060195023
"Psi[2, 15]",2018,"1","Psi",0.445582809421204,0.253046042054611,0.715330284562457
"Psi[2, 16]",2019,"1","Psi",0.615278062205633,0.409263914748814,0.844806775546709
"Psi[2, 17]",2020,"1","Psi",0.388603011523032,0.223673187905732,0.545086788183403
"Psi[2, 18]",2021,"1","Psi",0.339313191988174,0.18344060606986,0.532483979785522
"Psi[2, 19]",2022,"1","Psi",0.375486042076495,0.154172419347102,0.627297812151608
"Psi[2, 1]",2004,"1","Psi",0.494869296355815,0.198831784456116,0.811221282471898
"Psi[2, 2]",2005,"1","Psi",0.378965599364926,0.242606904780921,0.544413025554546
"Psi[2, 3]",2006,"1","Psi",0.517223003063357,0.364752099026131,0.6974023573274
"Psi[2, 4]",2007,"1","Psi",0.433848809490573,0.223519150275816,0.61547392697326
"Psi[2, 5]",2008,"1","Psi",0.61040266597997,0.453031827392259,0.778735790778121
"Psi[2, 6]",2009,"1","Psi",0.384067300359973,0.214903948047675,0.627836504178134
"Psi[2, 7]",2010,"1","Psi",0.382071236404886,0.228811782961053,0.572237255216333
"Psi[2, 8]",2011,"1","Psi",0.872498277585243,0.699940390577058,0.962645800514812
"Psi[2, 9]",2012,"1","Psi",0.71510753227122,0.556886954118882,0.852978580449072
"Psi[3, 10]",2013,"2","Psi",0.427025835984612,0.244107491796386,0.62157746735733
"Psi[3, 11]",2014,"2","Psi",0.591501342775431,0.39249468693311,0.775747501968825
"Psi[3, 12]",2015,"2","Psi",0.762214911150771,0.574690471184971,0.890809769522996
"Psi[3, 13]",2016,"2","Psi",0.678509012985053,0.488334600127256,0.823149503304245
"Psi[3, 14]",2017,"2","Psi",0.571237676463846,0.361866492553454,0.765667915431502
"Psi[3, 15]",2018,"2","Psi",0.65874636346959,0.449448883729195,0.862898964459747
"Psi[3, 16]",2019,"2","Psi",0.794866837677231,0.61578291587906,0.933400638855629
"Psi[3, 17]",2020,"2","Psi",0.604622964642744,0.391914948790213,0.767467552609627
"Psi[3, 18]",2021,"2","Psi",0.551521889210915,0.359001663390305,0.739348103585983
"Psi[3, 19]",2022,"2","Psi",0.589539787009471,0.310921820495459,0.804406421603936
"Psi[3, 1]",2004,"2","Psi",0.700334098750817,0.382425280200209,0.91662883449719
"Psi[3, 2]",2005,"2","Psi",0.595787800273428,0.443960206189805,0.743935959031128
"Psi[3, 3]",2006,"2","Psi",0.720832595578884,0.555102460281772,0.863789033479501
"Psi[3, 4]",2007,"2","Psi",0.647440366621033,0.410561039168179,0.807622583392789
"Psi[3, 5]",2008,"2","Psi",0.791393791098321,0.637006190926142,0.906320008130876
"Psi[3, 6]",2009,"2","Psi",0.602237180999934,0.410605509407228,0.797697394261287
"Psi[3, 7]",2010,"2","Psi",0.59822846210827,0.411939592139307,0.774534820125763
"Psi[3, 8]",2011,"2","Psi",0.943308566853868,0.825988165209849,0.986802402580915
"Psi[3, 9]",2012,"2","Psi",0.858935631350254,0.725037604794572,0.943540886445133
"Psi[4, 10]",2013,"3","Psi",0.663005242420146,0.412896922637358,0.842111349622415
"Psi[4, 11]",2014,"3","Psi",0.794504649150124,0.604106010182907,0.907765314387563
"Psi[4, 12]",2015,"3","Psi",0.895144241179228,0.760190939832597,0.959895029942238
"Psi[4, 13]",2016,"3","Psi",0.848479163970173,0.682532964376291,0.933644604400559
"Psi[4, 14]",2017,"3","Psi",0.77995865642755,0.55748664317238,0.908796625990927
"Psi[4, 15]",2018,"3","Psi",0.83847690181284,0.678382478616507,0.942152246052277
"Psi[4, 16]",2019,"3","Psi",0.912621581477977,0.790688836728686,0.974880532120071
"Psi[4, 17]",2020,"3","Psi",0.801895766079812,0.597947941155636,0.910423285242184
"Psi[4, 18]",2021,"3","Psi",0.765644344836271,0.565906609345373,0.891879498455028
"Psi[4, 19]",2022,"3","Psi",0.793531717437229,0.519544904578312,0.921948684886745
"Psi[4, 1]",2004,"3","Psi",0.862607851435803,0.598140232225615,0.968219320576507
"Psi[4, 2]",2005,"3","Psi",0.795855857460189,0.66858666646991,0.891305063849512
"Psi[4, 3]",2006,"3","Psi",0.872184868370792,0.753582711946494,0.947426068834567
"Psi[4, 4]",2007,"3","Psi",0.82895859878045,0.617452162723831,0.928514892826497
"Psi[4, 5]",2008,"3","Psi",0.91048177582797,0.804275747457705,0.965964539778668
"Psi[4, 6]",2009,"3","Psi",0.799932023460397,0.626622534639292,0.921554523560299
"Psi[4, 7]",2010,"3","Psi",0.798879367330544,0.633128706316711,0.906001815028203
"Psi[4, 8]",2011,"3","Psi",0.977909136714946,0.919957918168807,0.995190120183114
"Psi[4, 9]",2012,"3","Psi",0.941730589312633,0.858286743997772,0.979516266040692
"Psi[5, 10]",2013,"4+","Psi",0.705499223753042,0.486397504578866,0.857888648030794
"Psi[5, 11]",2014,"4+","Psi",0.823040557118481,0.652575787783755,0.926217561260465
"Psi[5, 12]",2015,"4+","Psi",0.911397221174864,0.805654034226503,0.966640842005539
"Psi[5, 13]",2016,"4+","Psi",0.87137803826009,0.735382611296236,0.944340863040615
"Psi[5, 14]",2017,"4+","Psi",0.81064431705287,0.611315062233276,0.92481788129854
"Psi[5, 15]",2018,"4+","Psi",0.862913469378847,0.711474208064728,0.955902299142641
"Psi[5, 16]",2019,"4+","Psi",0.926184332986596,0.825146346020353,0.980068569570097
"Psi[5, 17]",2020,"4+","Psi",0.829909079490075,0.657555793701916,0.923758726721109
"Psi[5, 18]",2021,"4+","Psi",0.798467535676706,0.630322847231147,0.907451274092499
"Psi[5, 19]",2022,"4+","Psi",0.821567799126745,0.581644776421112,0.937309959033176
"Psi[5, 1]",2004,"4+","Psi",0.883108739524069,0.649042375176421,0.974605908279592
"Psi[5, 2]",2005,"4+","Psi",0.825812890288407,0.697731658926136,0.914873870735965
"Psi[5, 3]",2006,"4+","Psi",0.893099046820342,0.784011309467161,0.957816591822268
"Psi[5, 4]",2007,"4+","Psi",0.854043506237262,0.685390904108276,0.93769731142076
"Psi[5, 5]",2008,"4+","Psi",0.924627024120591,0.835786223319569,0.972775860288584
"Psi[5, 6]",2009,"4+","Psi",0.829585987220485,0.667368829276413,0.935599361518668
"Psi[5, 7]",2010,"4+","Psi",0.827399287770185,0.681556980831696,0.922816605508875
"Psi[5, 8]",2011,"4+","Psi",0.981693613462657,0.934571592068169,0.996137002687983
"Psi[5, 9]",2012,"4+","Psi",0.951773663627862,0.881529447966706,0.983207654820794
"R.tot[10]",2013,NA,"R.tot",100,43,198
"R.tot[11]",2014,NA,"R.tot",113,59,194
"R.tot[12]",2015,NA,"R.tot",140,76,244
"R.tot[13]",2016,NA,"R.tot",200,112,338
"R.tot[14]",2017,NA,"R.tot",146,73,270
"R.tot[15]",2018,NA,"R.tot",195,107,329
"R.tot[16]",2019,NA,"R.tot",175,105,283.125
"R.tot[17]",2020,NA,"R.tot",96,49,183
"R.tot[18]",2021,NA,"R.tot",75,33,152
"R.tot[19]",2022,NA,"R.tot",65,19,158
"R.tot[1]",2004,NA,"R.tot",0,0,0
"R.tot[2]",2005,NA,"R.tot",104,65,158
"R.tot[3]",2006,NA,"R.tot",86,55,135
"R.tot[4]",2007,NA,"R.tot",71,36,122
"R.tot[5]",2008,NA,"R.tot",114,64,184
"R.tot[6]",2009,NA,"R.tot",66,37,110
"R.tot[7]",2010,NA,"R.tot",73,40,122
"R.tot[8]",2011,NA,"R.tot",240,147,368.125
"R.tot[9]",2012,NA,"R.tot",320,181,518
"R[1, 10]",2013,"0","R",0,0,0
"R[1, 11]",2014,"0","R",0,0,0
"R[1, 12]",2015,"0","R",0,0,0
"R[1, 13]",2016,"0","R",0,0,0
"R[1, 14]",2017,"0","R",0,0,0
"R[1, 15]",2018,"0","R",0,0,0
"R[1, 16]",2019,"0","R",0,0,0
"R[1, 17]",2020,"0","R",0,0,0
"R[1, 18]",2021,"0","R",0,0,0
"R[1, 19]",2022,"0","R",0,0,0
"R[1, 1]",2004,"0","R",0,0,0
"R[1, 2]",2005,"0","R",0,0,0
"R[1, 3]",2006,"0","R",0,0,0
"R[1, 4]",2007,"0","R",0,0,0
"R[1, 5]",2008,"0","R",0,0,0
"R[1, 6]",2009,"0","R",0,0,0
"R[1, 7]",2010,"0","R",0,0,0
"R[1, 8]",2011,"0","R",0,0,0
"R[1, 9]",2012,"0","R",0,0,0
"R[2, 10]",2013,"1","R",10,1,33
"R[2, 11]",2014,"1","R",8,0,27
"R[2, 12]",2015,"1","R",53,21,108
"R[2, 13]",2016,"1","R",101,47,199
"R[2, 14]",2017,"1","R",27,7,73
"R[2, 15]",2018,"1","R",21,3,66
"R[2, 16]",2019,"1","R",48,15,116
"R[2, 17]",2020,"1","R",32,11,77
"R[2, 18]",2021,"1","R",13,2,39
"R[2, 19]",2022,"1","R",15,1,54
"R[2, 1]",2004,"1","R",0,0,0
"R[2, 2]",2005,"1","R",8,1,20
"R[2, 3]",2006,"1","R",22,8,45
"R[2, 4]",2007,"1","R",20,5,45
"R[2, 5]",2008,"1","R",53,25,99
"R[2, 6]",2009,"1","R",10,1,27
"R[2, 7]",2010,"1","R",13,3,31
"R[2, 8]",2011,"1","R",164,93,270
"R[2, 9]",2012,"1","R",191,96,324
"R[3, 10]",2013,"2","R",44,15,102
"R[3, 11]",2014,"2","R",16,4,40
"R[3, 12]",2015,"2","R",11,2,32
"R[3, 13]",2016,"2","R",41,16,86
"R[3, 14]",2017,"2","R",64,27,139
"R[3, 15]",2018,"2","R",40,13,92
"R[3, 16]",2019,"2","R",16,3,45
"R[3, 17]",2020,"2","R",17,3,52
"R[3, 18]",2021,"2","R",22,5,55
"R[3, 19]",2022,"2","R",11,1,38
"R[3, 1]",2004,"2","R",0,0,0
"R[3, 2]",2005,"2","R",23,9,45
"R[3, 3]",2006,"2","R",8,2,20
"R[3, 4]",2007,"2","R",16,4,33
"R[3, 5]",2008,"2","R",22,8,45
"R[3, 6]",2009,"2","R",25,10,52
"R[3, 7]",2010,"2","R",11,3,29
"R[3, 8]",2011,"2","R",24,10,46
"R[3, 9]",2012,"2","R",85,42,155
"R[4, 10]",2013,"3","R",26,8,60
"R[4, 11]",2014,"3","R",50,20,101
"R[4, 12]",2015,"3","R",15,3,37
"R[4, 13]",2016,"3","R",7,0,23
"R[4, 14]",2017,"3","R",23,6,52
"R[4, 15]",2018,"3","R",81,35,156
"R[4, 16]",2019,"3","R",26,9,57
"R[4, 17]",2020,"3","R",6,0,21
"R[4, 18]",2021,"3","R",11,1,37
"R[4, 19]",2022,"3","R",15,1,48
"R[4, 1]",2004,"3","R",0,0,0
"R[4, 2]",2005,"3","R",38,17,72
"R[4, 3]",2006,"3","R",17,6,35
"R[4, 4]",2007,"3","R",4,0,14
"R[4, 5]",2008,"3","R",12,3,28
"R[4, 6]",2009,"3","R",11,2,26
"R[4, 7]",2010,"3","R",23,8,48
"R[4, 8]",2011,"3","R",13,3,32
"R[4, 9]",2012,"3","R",14,4,30
"R[5, 10]",2013,"4+","R",17,5,36
"R[5, 11]",2014,"4+","R",35,14,66
"R[5, 12]",2015,"4+","R",60,27,110
"R[5, 13]",2016,"4+","R",46,18,90
"R[5, 14]",2017,"4+","R",27,7,60
"R[5, 15]",2018,"4+","R",48,18,92
"R[5, 16]",2019,"4+","R",79,43,127
"R[5, 17]",2020,"4+","R",38,15,76
"R[5, 18]",2021,"4+","R",25,8,56
"R[5, 19]",2022,"4+","R",21,4,54
"R[5, 1]",2004,"4+","R",0,0,0
"R[5, 2]",2005,"4+","R",32,14,63
"R[5, 3]",2006,"4+","R",37,17,70
"R[5, 4]",2007,"4+","R",29,11,64
"R[5, 5]",2008,"4+","R",23,8,52
"R[5, 6]",2009,"4+","R",18,6,39
"R[5, 7]",2010,"4+","R",23,8,48
"R[5, 8]",2011,"4+","R",36,15,70
"R[5, 9]",2012,"4+","R",28,11,56
"Reindeer[10]",2013,NA,"Reindeer",1.42348749082918,1.42348749082918,1.42348749082918
"Reindeer[11]",2014,NA,"Reindeer",-0.446497629111016,-0.446497629111016,-0.446497629111016
"Reindeer[12]",2015,NA,"Reindeer",-1.2024490605762,-1.2024490605762,-1.2024490605762
"Reindeer[13]",2016,NA,"Reindeer",-0.287349959328872,-0.287349959328872,-0.287349959328872
"Reindeer[14]",2017,NA,"Reindeer",-0.645432216338696,-0.645432216338696,-0.645432216338696
"Reindeer[15]",2018,NA,"Reindeer",-0.60564529889316,-0.60564529889316,-0.60564529889316
"Reindeer[16]",2019,NA,"Reindeer",0.70732297680953,0.70732297680953,0.70732297680953
"Reindeer[17]",2020,NA,"Reindeer",-1.32180981291281,-1.32180981291281,-1.32180981291281
"Reindeer[18]",2021,NA,"Reindeer",1.38370057338364,1.38370057338364,1.38370057338364
"Reindeer[19]",2022,NA,"Reindeer",0.00331051172710053,-1.94716657609948,1.94776634915797
"Reindeer[1]",2004,NA,"Reindeer",-1.36159673035835,-1.36159673035835,-1.36159673035835
"Reindeer[2]",2005,NA,"Reindeer",-0.764792968675305,-0.764792968675305,-0.764792968675305
"Reindeer[3]",2006,NA,"Reindeer",0.906257564037211,0.906257564037211,0.906257564037211
"Reindeer[4]",2007,NA,"Reindeer",0.110519215126489,0.110519215126489,0.110519215126489
"Reindeer[5]",2008,NA,"Reindeer",-0.764792968675305,-0.764792968675305,-0.764792968675305
"Reindeer[6]",2009,NA,"Reindeer",0.667536059363994,0.667536059363994,0.667536059363994
"Reindeer[7]",2010,NA,"Reindeer",1.38370057338364,1.38370057338364,1.38370057338364
"Reindeer[8]",2011,NA,"Reindeer",-0.526071464002088,-0.526071464002088,-0.526071464002088
"Reindeer[9]",2012,NA,"Reindeer",1.34391365593811,1.34391365593811,1.34391365593811
"RodentAbundance2[10]",2013,"1","RodentAbundance2",-1.20875065899514,-1.20875065899514,-1.20875065899514
"RodentAbundance2[11]",2014,"1","RodentAbundance2",0.608696198633634,0.608696198633634,0.608696198633634
"RodentAbundance2[12]",2015,"1","RodentAbundance2",2.14542830616711,2.14542830616711,2.14542830616711
"RodentAbundance2[13]",2016,"1","RodentAbundance2",-0.210279284003137,-0.210279284003137,-0.210279284003137
"RodentAbundance2[14]",2017,"1","RodentAbundance2",-1.48457559220245,-1.48457559220245,-1.48457559220245
"RodentAbundance2[15]",2018,"1","RodentAbundance2",0.875782096417243,0.875782096417243,0.875782096417243
"RodentAbundance2[16]",2019,"1","RodentAbundance2",0.402760331855949,0.402760331855949,0.402760331855949
"RodentAbundance2[17]",2020,"1","RodentAbundance2",-0.743402233909536,-0.743402233909536,-0.743402233909536
"RodentAbundance2[18]",2021,"1","RodentAbundance2",-1.47021819025927,-1.47021819025927,-1.47021819025927
"RodentAbundance2[19]",2022,"1","RodentAbundance2",0.647333494217852,0.647333494217852,0.647333494217852
"RodentAbundance2[1]",2004,"1","RodentAbundance2",-0.977876752082789,-0.977876752082789,-0.977876752082789
"RodentAbundance2[2]",2005,"1","RodentAbundance2",-0.99768513461663,-0.99768513461663,-0.99768513461663
"RodentAbundance2[3]",2006,"1","RodentAbundance2",-0.581148144314441,-0.581148144314441,-0.581148144314441
"RodentAbundance2[4]",2007,"1","RodentAbundance2",3.44318634150049,3.44318634150049,3.44318634150049
"RodentAbundance2[5]",2008,"1","RodentAbundance2",-1.71383300579968,-1.71383300579968,-1.71383300579968
"RodentAbundance2[6]",2009,"1","RodentAbundance2",-1.74530305120147,-1.74530305120147,-1.74530305120147
"RodentAbundance2[7]",2010,"1","RodentAbundance2",0.418592461788054,0.418592461788054,0.418592461788054
"RodentAbundance2[8]",2011,"1","RodentAbundance2",3.78886687424459,3.78886687424459,3.78886687424459
"RodentAbundance2[9]",2012,"1","RodentAbundance2",-1.19757405744038,-1.19757405744038,-1.19757405744038
"RodentAbundance[10]",2013,NA,"RodentAbundance",-0.856554593192615,-0.856554593192615,-0.856554593192615
"RodentAbundance[11]",2014,NA,"RodentAbundance",-0.786720504517304,-0.786720504517304,-0.786720504517304
"RodentAbundance[12]",2015,NA,"RodentAbundance",0.867124963917656,0.867124963917656,0.867124963917656
"RodentAbundance[13]",2016,NA,"RodentAbundance",0.224822328745094,0.224822328745094,0.224822328745094
"RodentAbundance[14]",2017,NA,"RodentAbundance",-0.980832354391582,-0.980832354391582,-0.980832354391582
"RodentAbundance[15]",2018,NA,"RodentAbundance",-0.614990145951601,-0.614990145951601,-0.614990145951601
"RodentAbundance[16]",2019,NA,"RodentAbundance",0.715636381766976,0.715636381766976,0.715636381766976
"RodentAbundance[17]",2020,NA,"RodentAbundance",-0.130695073080429,-0.130695073080429,-0.130695073080429
"RodentAbundance[18]",2021,NA,"RodentAbundance",-1.16931781178366,-1.16931781178366,-1.16931781178366
"RodentAbundance[19]",2022,NA,"RodentAbundance",-0.679155622299702,-0.679155622299702,-0.679155622299702
"RodentAbundance[1]",2004,NA,"RodentAbundance",0.0164561497352944,-1.82588869684059,1.90112084045044
"RodentAbundance[20]",2023,NA,"RodentAbundance",0,0,0
"RodentAbundance[2]",2005,NA,"RodentAbundance",-1.0268832233751,-1.0268832233751,-1.0268832233751
"RodentAbundance[3]",2006,NA,"RodentAbundance",-0.336879811584235,-0.336879811584235,-0.336879811584235
"RodentAbundance[4]",2007,NA,"RodentAbundance",0.356919203362483,0.356919203362483,0.356919203362483
"RodentAbundance[5]",2008,NA,"RodentAbundance",0.724594912082859,0.724594912082859,0.724594912082859
"RodentAbundance[6]",2009,NA,"RodentAbundance",-1.54681104514572,-1.54681104514572,-1.54681104514572
"RodentAbundance[7]",2010,NA,"RodentAbundance",-0.87016531314822,-0.87016531314822,-0.87016531314822
"RodentAbundance[8]",2011,NA,"RodentAbundance",4.0822707417241,4.0822707417241,4.0822707417241
"RodentAbundance[9]",2012,NA,"RodentAbundance",1.77032168510579,1.77032168510579,1.77032168510579
"S[1, 10]",2013,"0","S",0.163431486079905,0.036235662730554,0.48859306998425
"S[1, 11]",2014,"0","S",0.462400688573733,0.23471785890133,0.709393821080166
"S[1, 12]",2015,"0","S",0.488636253120607,0.245610134879764,0.729815078804058
"S[1, 13]",2016,"0","S",0.3022081449081,0.126959289594989,0.664687070809203
"S[1, 14]",2017,"0","S",0.216911918799522,0.0421714871936352,0.693051369091701
"S[1, 15]",2018,"0","S",0.157274702753026,0.0198729244874084,0.454604826602648
"S[1, 16]",2019,"0","S",0.268997089119216,0.110786963642764,0.493661927235655
"S[1, 17]",2020,"0","S",0.255438943991265,0.0826796393435009,0.614671509552326
"S[1, 18]",2021,"0","S",0.31489622352968,0.0671683838164766,0.700772693889867
"S[1, 1]",2004,"0","S",0.316925138724639,0.10514311101113,0.681981250576923
"S[1, 2]",2005,"0","S",0.293095789328091,0.147966809531265,0.564878876118147
"S[1, 3]",2006,"0","S",0.375199702556573,0.177316183289183,0.611005591798952
"S[1, 4]",2007,"0","S",0.398867767468759,0.163785927955099,0.661666598245043
"S[1, 5]",2008,"0","S",0.18127287734421,0.0686679325642069,0.440670886307122
"S[1, 6]",2009,"0","S",0.312937940690329,0.134749010634238,0.681475663692878
"S[1, 7]",2010,"0","S",0.640586394167304,0.396800436525069,0.735584326221855
"S[1, 8]",2011,"0","S",0.48978522431856,0.247030682230398,0.727695174137832
"S[1, 9]",2012,"0","S",0.12158811950953,0.044731835233902,0.293240350609545
"S[2, 10]",2013,"1","S",0.494483154664969,0.257863443723468,0.672339744715733
"S[2, 11]",2014,"1","S",0.621215725019596,0.466389545801616,0.7452037649714
"S[2, 12]",2015,"1","S",0.638895978228322,0.497485532963964,0.753727057389874
"S[2, 13]",2016,"1","S",0.561956794728967,0.414749348920894,0.702874881670551
"S[2, 14]",2017,"1","S",0.580756420000476,0.302372000761881,0.755365496135885
"S[2, 15]",2018,"1","S",0.470181666358047,0.190486154394426,0.663995332058526
"S[2, 16]",2019,"1","S",0.389535707290557,0.218458816056396,0.569928886476388
"S[2, 17]",2020,"1","S",0.515260557081726,0.307359812069315,0.700512973358934
"S[2, 18]",2021,"1","S",0.548012572195297,0.27482948216629,0.733698332931478
"S[2, 1]",2004,"1","S",0.588753307951819,0.398933577933842,0.711908766998363
"S[2, 2]",2005,"1","S",0.498259626141007,0.360458261754614,0.62651483491062
"S[2, 3]",2006,"1","S",0.527822868612381,0.377351158509933,0.652143561122387
"S[2, 4]",2007,"1","S",0.590396072177316,0.423588994898908,0.706178455028683
"S[2, 5]",2008,"1","S",0.500516840197887,0.313607130325283,0.663694854046001
"S[2, 6]",2009,"1","S",0.593603112199265,0.407774486952525,0.739128944840002
"S[2, 7]",2010,"1","S",0.584669215334161,0.458183054687711,0.692262500367159
"S[2, 8]",2011,"1","S",0.636133921492899,0.491779176273814,0.743129010878009
"S[2, 9]",2012,"1","S",0.465694400893654,0.278808532414458,0.658478494093507
"S[3, 10]",2013,"2","S",0.486529081566148,0.298742991950948,0.650274901719778
"S[3, 11]",2014,"2","S",0.59174213750828,0.42571456429667,0.724820968422484
"S[3, 12]",2015,"2","S",0.608625262143346,0.455947714716266,0.737896031030103
"S[3, 13]",2016,"2","S",0.536505569767574,0.356888322924801,0.689349788123737
"S[3, 14]",2017,"2","S",0.585174966618039,0.392196384140732,0.74446019061161
"S[3, 15]",2018,"2","S",0.470617477237624,0.215028645492601,0.654272096272828
"S[3, 16]",2019,"2","S",0.349359124830638,0.157508656279647,0.551361798383335
"S[3, 17]",2020,"2","S",0.498191478903447,0.282549294412603,0.678988696471825
"S[3, 18]",2021,"2","S",0.520414774026405,0.242344903935485,0.715889054643126
"S[3, 1]",2004,"2","S",0.56729724159854,0.386171525825238,0.693954225202581
"S[3, 2]",2005,"2","S",0.465614055799144,0.325247992385734,0.606734603982638
"S[3, 3]",2006,"2","S",0.491764144243511,0.345161431848565,0.634337232061416
"S[3, 4]",2007,"2","S",0.561108298430224,0.408490666161415,0.688735760268934
"S[3, 5]",2008,"2","S",0.492544618814749,0.298218758374982,0.655060663767201
"S[3, 6]",2009,"2","S",0.576213893149956,0.404960373977337,0.719706823573438
"S[3, 7]",2010,"2","S",0.534844485387094,0.37927822290858,0.6648433031413
"S[3, 8]",2011,"2","S",0.609508640418894,0.475043203693794,0.722822205030793
"S[3, 9]",2012,"2","S",0.471723980820414,0.264648470083395,0.652039510746462
"S[4, 10]",2013,"3","S",0.117522288201559,0.00188220029664442,0.470295770766301
"S[4, 11]",2014,"3","S",0.32763406991896,0.0294105361886107,0.640871155476243
"S[4, 12]",2015,"3","S",0.345773998591211,0.0346149748476612,0.665992538397683
"S[4, 13]",2016,"3","S",0.211137609966352,0.00936184162097208,0.592491689696378
"S[4, 14]",2017,"3","S",0.168152642243586,0.00390488901388993,0.634579916156219
"S[4, 15]",2018,"3","S",0.10884232633469,0.00142902662816209,0.436703593634997
"S[4, 16]",2019,"3","S",0.128672701510394,0.00148739706425831,0.4135240049106
"S[4, 17]",2020,"3","S",0.17191809476677,0.00427463498807859,0.546113064700774
"S[4, 18]",2021,"3","S",0.204180711096578,0.00446563094998318,0.619133049263865
"S[4, 1]",2004,"3","S",0.233382321542491,0.0113051549474706,0.606092910166868
"S[4, 2]",2005,"3","S",0.185505849379319,0.00763880034018751,0.496740728141692
"S[4, 3]",2006,"3","S",0.235207171257045,0.0137042427399569,0.534306001594887
"S[4, 4]",2007,"3","S",0.27499567120085,0.0165057767984575,0.602340034382948
"S[4, 5]",2008,"3","S",0.131175451193237,0.00282439461745203,0.478721419945197
"S[4, 6]",2009,"3","S",0.23452200598138,0.0116435663624355,0.615228141714796
"S[4, 7]",2010,"3","S",0.387484248182257,0.0416868529286121,0.642275563615198
"S[4, 8]",2011,"3","S",0.352261302595797,0.0362568464726908,0.649955823288219
"S[4, 9]",2012,"3","S",0.0905487584934948,0.00121253852614409,0.400545593781365
"S[5, 10]",2013,"4+","S",0.618414182485293,0.41622902400978,0.786616751705697
"S[5, 11]",2014,"4+","S",0.673804120434219,0.487803696826801,0.817570184435237
"S[5, 12]",2015,"4+","S",0.68849350995684,0.518298178664566,0.819042160343486
"S[5, 13]",2016,"4+","S",0.641215233843879,0.451436608748689,0.791443332231754
"S[5, 14]",2017,"4+","S",0.70659521623407,0.519438896639071,0.836413230033691
"S[5, 15]",2018,"4+","S",0.609196403247583,0.438063598909472,0.764351383382391
"S[5, 16]",2019,"4+","S",0.445069427995184,0.239268878279309,0.647355245763978
"S[5, 17]",2020,"4+","S",0.609522531726497,0.412931683497276,0.767211953077254
"S[5, 18]",2021,"4+","S",0.625041520177191,0.378955939852629,0.792267758433973
"S[5, 1]",2004,"4+","S",0.664169970567425,0.495576082355672,0.812437777763396
"S[5, 2]",2005,"4+","S",0.563560939893693,0.373332672094846,0.747851755368994
"S[5, 3]",2006,"4+","S",0.582472936770307,0.389617898629432,0.755179627510766
"S[5, 4]",2007,"4+","S",0.653935464704755,0.470683289440724,0.804109252166447
"S[5, 5]",2008,"4+","S",0.619252485649514,0.434600519875651,0.784490484853037
"S[5, 6]",2009,"4+","S",0.676323233419848,0.500644148998435,0.821499843410813
"S[5, 7]",2010,"4+","S",0.595974151787809,0.413399102006744,0.758703313611266
"S[5, 8]",2011,"4+","S",0.6872236717761,0.518607875691623,0.821799351046433
"S[5, 9]",2012,"4+","S",0.62142177184003,0.43318794705766,0.787507033774596
"betaR.Psi",NA,NA,"betaR.Psi",0.495344345841875,0.209113811733161,0.814604381635827
"betaR.immR",NA,NA,"betaR.immR",0.707279143187513,0.0295642738636345,1.61645438526689
"betaR.mO",NA,NA,"betaR.mO",-0.426627529672049,-1.23539649823236,-0.0473313061031574
"betaR.rho",NA,NA,"betaR.rho",0.0510071491935526,-0.00571099459605462,0.1056081344447
"betaRd.mO",NA,NA,"betaRd.mO",-0.174827183634535,-1.37471887525017,-0.00653912441159276
"betaRxRd.mO",NA,NA,"betaRxRd.mO",-0.316137250794663,-2.06800408093586,0.206519237309786
"epsilon.Psi[10]",2013,NA,"epsilon.Psi",-0.628893074132547,-1.50375766714397,0.0311384973625248
"epsilon.Psi[11]",2014,NA,"epsilon.Psi",-0.00679814764328774,-0.775142150114926,0.764597160147968
"epsilon.Psi[12]",2015,NA,"epsilon.Psi",-0.0282032790020761,-0.804755497618936,0.694927471115344
"epsilon.Psi[13]",2016,NA,"epsilon.Psi",-0.123977092568999,-0.850146098485778,0.493051677377967
"epsilon.Psi[14]",2017,NA,"epsilon.Psi",0.00172559929035969,-0.79380268720817,0.818490185004761
"epsilon.Psi[15]",2018,NA,"epsilon.Psi",0.173393479997628,-0.546536816517373,1.24630560731819
"epsilon.Psi[16]",2019,NA,"epsilon.Psi",0.202761066603852,-0.52008685588552,1.40294448908662
"epsilon.Psi[17]",2020,NA,"epsilon.Psi",-0.270842402298225,-1.04619944389736,0.313724393160996
"epsilon.Psi[18]",2021,NA,"epsilon.Psi",0.0106980145439149,-0.687371737693478,0.748658450063354
"epsilon.Psi[19]",2022,NA,"epsilon.Psi",-0.0564427288327146,-1.12936850892726,0.86426636172008
"epsilon.Psi[1]",2004,NA,"epsilon.Psi",0.0467837545637959,-0.877839447926884,1.17430761002663
"epsilon.Psi[2]",2005,NA,"epsilon.Psi",0.110596427992947,-0.426416844241596,0.76644165258748
"epsilon.Psi[3]",2006,NA,"epsilon.Psi",0.324721208438532,-0.216548031331708,1.13301193751541
"epsilon.Psi[4]",2007,NA,"epsilon.Psi",-0.325956075137393,-1.24432593471032,0.306103360510647
"epsilon.Psi[5]",2008,NA,"epsilon.Psi",0.180169166197998,-0.424665242662974,1.00828666405005
"epsilon.Psi[6]",2009,NA,"epsilon.Psi",0.378358867019509,-0.230915084212689,1.36961891999539
"epsilon.Psi[7]",2010,NA,"epsilon.Psi",0.0478735790632242,-0.584526696789263,0.769918218919785
"epsilon.Psi[8]",2011,NA,"epsilon.Psi",0.012761241465687,-0.914233217831399,0.99568534182102
"epsilon.Psi[9]",2012,NA,"epsilon.Psi",0.128651541477962,-0.521471531958883,0.963660367785133
"epsilon.mH[10]",2013,NA,"epsilon.mH",-0.0222032830881521,-0.408970224580792,0.322017429084351
"epsilon.mH[11]",2014,NA,"epsilon.mH",-0.14354513991782,-0.581383621246526,0.208901279047183
"epsilon.mH[12]",2015,NA,"epsilon.mH",-0.204630879770206,-0.624592700206394,0.127925002856368
"epsilon.mH[13]",2016,NA,"epsilon.mH",-0.0527070132823274,-0.45329046240738,0.286261832571997
"epsilon.mH[14]",2017,NA,"epsilon.mH",-0.356199858707688,-0.86222576232959,0.0176780598180771
"epsilon.mH[15]",2018,NA,"epsilon.mH",0.00775614947332403,-0.45913714973811,0.399609858461097
"epsilon.mH[16]",2019,NA,"epsilon.mH",0.575347200302838,0.150369084796165,1.0264352040755
"epsilon.mH[17]",2020,NA,"epsilon.mH",0.0375378718708075,-0.36559759840315,0.476420429747029
"epsilon.mH[18]",2021,NA,"epsilon.mH",-0.00195150652448094,-0.49353843991629,0.600860800317433
"epsilon.mH[1]",2004,NA,"epsilon.mH",-0.162459815418078,-0.508448892841713,0.137002410598192
"epsilon.mH[2]",2005,NA,"epsilon.mH",0.198243040410952,-0.101282373209905,0.510933671669802
"epsilon.mH[3]",2006,NA,"epsilon.mH",0.153203861044395,-0.146751131076024,0.476656677255824
"epsilon.mH[4]",2007,NA,"epsilon.mH",-0.0912706618680698,-0.451042557322779,0.224505642793401
"epsilon.mH[5]",2008,NA,"epsilon.mH",-0.0327590091478184,-0.373109425054648,0.294591751637127
"epsilon.mH[6]",2009,NA,"epsilon.mH",-0.202854973367383,-0.627924929092858,0.140532767387828
"epsilon.mH[7]",2010,NA,"epsilon.mH",0.155748886334867,-0.158803400549117,0.451320895078089
"epsilon.mH[8]",2011,NA,"epsilon.mH",-0.198896878098221,-0.549139747325812,0.0918793553395113
"epsilon.mH[9]",2012,NA,"epsilon.mH",-0.0606625731630208,-0.45635484637351,0.2728145609283
"epsilon.mHs[10]",2013,NA,"epsilon.mHs",-0.0464468645564522,-1.69441290750594,0.872969644246881
"epsilon.mHs[11]",2014,NA,"epsilon.mHs",-0.0544575055250264,-1.63998167863798,0.928336352835701
"epsilon.mHs[12]",2015,NA,"epsilon.mHs",-0.058513590910616,-1.77569777335061,0.881800115882669
"epsilon.mHs[13]",2016,NA,"epsilon.mHs",-0.0552950382719601,-1.83827562117804,0.956538795263777
"epsilon.mHs[14]",2017,NA,"epsilon.mHs",-0.0922418246478829,-1.9451264168444,0.81819310892732
"epsilon.mHs[15]",2018,NA,"epsilon.mHs",-0.117474670162544,-1.9391697687362,0.789756197590083
"epsilon.mHs[16]",2019,NA,"epsilon.mHs",-0.0739323864659938,-1.89559311714156,0.823502466440773
"epsilon.mHs[17]",2020,NA,"epsilon.mHs",0.0136344845755514,-1.35032439029266,1.30752645801394
"epsilon.mHs[18]",2021,NA,"epsilon.mHs",0.0120925199468807,-1.34450463979136,1.4244004963033
"epsilon.mHs[1]",2004,NA,"epsilon.mHs",0.000890482298047951,-1.37047747884519,1.35756552963343
"epsilon.mHs[2]",2005,NA,"epsilon.mHs",0.280532149203419,-0.601170931820859,0.915530608199912
"epsilon.mHs[3]",2006,NA,"epsilon.mHs",0.038300446133768,-1.02553272906578,0.659430252702282
"epsilon.mHs[4]",2007,NA,"epsilon.mHs",-0.124577742678604,-1.41600324888292,0.465930689706475
"epsilon.mHs[5]",2008,NA,"epsilon.mHs",-0.741999736265719,-2.82314579237378,0.0149085004404688
"epsilon.mHs[6]",2009,NA,"epsilon.mHs",0.106523123369165,-0.855461021398948,0.778941487501728
"epsilon.mHs[7]",2010,NA,"epsilon.mHs",-0.0397836756976822,-1.15798711906427,0.568454281826325
"epsilon.mHs[8]",2011,NA,"epsilon.mHs",-0.226255723058964,-1.39559425769958,0.2957621944328
"epsilon.mHs[9]",2012,NA,"epsilon.mHs",-0.129081769594619,-1.25253008461298,0.400401629460447
"epsilon.mO[10]",2013,NA,"epsilon.mO",0.053785394787489,-2.70095724491824,1.28223234537846
"epsilon.mO[11]",2014,NA,"epsilon.mO",-0.418101866538786,-4.83531272265591,0.394055135509214
"epsilon.mO[12]",2015,NA,"epsilon.mO",-0.914628088710464,-6.31579932422641,0.0925706316081414
"epsilon.mO[13]",2016,NA,"epsilon.mO",-0.372407928720761,-4.40242333565081,0.348251707739717
"epsilon.mO[14]",2017,NA,"epsilon.mO",0.10245813546622,-2.79659226290776,0.979403643407557
"epsilon.mO[15]",2018,NA,"epsilon.mO",0.443735124699043,-0.80834158200344,1.54241432991948
"epsilon.mO[16]",2019,NA,"epsilon.mO",-0.128560767589301,-3.54752370120002,0.743996869264631
"epsilon.mO[17]",2020,NA,"epsilon.mO",-0.11707546574856,-3.2573157105445,0.848304712837312
"epsilon.mO[18]",2021,NA,"epsilon.mO",-0.37173188116429,-4.44580632214454,0.662980959182153
"epsilon.mO[1]",2004,NA,"epsilon.mO",-0.260788787839843,-3.93526717588401,0.694865997267711
"epsilon.mO[2]",2005,NA,"epsilon.mO",-0.275242214175281,-3.34966609203127,0.365310105756451
"epsilon.mO[3]",2006,NA,"epsilon.mO",0.0311859638579674,-2.22415245894733,1.17906329907442
"epsilon.mO[4]",2007,NA,"epsilon.mO",0.00531366834089605,-2.7525929693937,1.07651939227533
"epsilon.mO[5]",2008,NA,"epsilon.mO",0.00357462951037597,-2.03052756512866,1.14598265832905
"epsilon.mO[6]",2009,NA,"epsilon.mO",-0.396391303437553,-4.04316352987507,0.296097963862506
"epsilon.mO[7]",2010,NA,"epsilon.mO",-0.0159700173307307,-2.67383481662916,2.0739691348473
"epsilon.mO[8]",2011,NA,"epsilon.mO",-0.305776720760056,-4.72718324476419,0.619857581452418
"epsilon.mO[9]",2012,NA,"epsilon.mO",0.185201448523885,-1.29021073295263,1.21404002026916
"epsilon.rho[10]",2013,NA,"epsilon.rho",-0.07162007886998,-0.299898144192668,0.0618869258331693
"epsilon.rho[11]",2014,NA,"epsilon.rho",0.0037502798646192,-0.162227177935159,0.17733232010045
"epsilon.rho[12]",2015,NA,"epsilon.rho",-0.0501314862079396,-0.254444396565675,0.0812151806021399
"epsilon.rho[13]",2016,NA,"epsilon.rho",-0.0207271479759969,-0.197516294843491,0.110953479907554
"epsilon.rho[14]",2017,NA,"epsilon.rho",-0.0322638310041214,-0.263520480479284,0.114806871436557
"epsilon.rho[15]",2018,NA,"epsilon.rho",0.149585775392983,-0.0109020187745404,0.400115988933813
"epsilon.rho[16]",2019,NA,"epsilon.rho",0.00450903075582479,-0.147665087309134,0.165232765854883
"epsilon.rho[17]",2020,NA,"epsilon.rho",0.0170466494289633,-0.138365000866565,0.198774954163715
"epsilon.rho[18]",2021,NA,"epsilon.rho",0.0114126246750246,-0.145953533103159,0.188625566402668
"epsilon.rho[19]",2022,NA,"epsilon.rho",0.0133874179024767,-0.168197035961097,0.233625018107445
"epsilon.rho[1]",2004,NA,"epsilon.rho",-0.0186868981668332,-0.247724751600712,0.14746547696859
"epsilon.rho[2]",2005,NA,"epsilon.rho",-0.0571180445184863,-0.212819368557983,0.0537497602855518
"epsilon.rho[3]",2006,NA,"epsilon.rho",0.000661653788960781,-0.130717376009657,0.131328477172215
"epsilon.rho[4]",2007,NA,"epsilon.rho",0.011395966988023,-0.142553654126939,0.1852285839108
"epsilon.rho[5]",2008,NA,"epsilon.rho",0.0183484022211589,-0.101529125321166,0.154467257260193
"epsilon.rho[6]",2009,NA,"epsilon.rho",-0.0473002965806607,-0.261434638831452,0.0896049233412307
"epsilon.rho[7]",2010,NA,"epsilon.rho",0.0712897288236039,-0.0567936195536479,0.264260728016084
"epsilon.rho[8]",2011,NA,"epsilon.rho",0.00283485426114785,-0.192427440468783,0.207418603572633
"epsilon.rho[9]",2012,NA,"epsilon.rho",-0.0313081914998303,-0.18429554167854,0.0864706866505103
"immR[10]",2013,NA,"immR",0.0289257175044916,0.000338194550668552,0.332908679562778
"immR[11]",2014,NA,"immR",0.227882051860071,0.00402662298945993,1.7131955770586
"immR[12]",2015,NA,"immR",1.363133109343,0.190241238550164,3.9737650388365
"immR[13]",2016,NA,"immR",0.0612808856545521,0.00111009814781983,0.559649387004353
"immR[14]",2017,NA,"immR",0.0244403436155929,0.000323017375902578,0.284342898864452
"immR[15]",2018,NA,"immR",0.901315001842793,0.0291718054071928,7.17203168857874
"immR[16]",2019,NA,"immR",0.201820066333506,0.00292354535512644,1.64287328426141
"immR[17]",2020,NA,"immR",0.0845537786710442,0.0010204481981072,1.19646025101188
"immR[18]",2021,NA,"immR",0.153506846196444,0.0018024838345938,3.53928960713682
"immR[19]",2022,NA,"immR",0.175164251300855,0.00279539125217333,10.7779883931643
"immR[1]",2004,NA,"immR",0.0545443335661283,0.000714670364106305,2.90416968068883
"immR[2]",2005,NA,"immR",0.0431001785179148,0.000497501290645819,0.530520210299127
"immR[3]",2006,NA,"immR",0.0509944229114288,0.000830854297137528,0.629353825649633
"immR[4]",2007,NA,"immR",1.27690614487962,0.170795702096298,4.25357849745156
"immR[5]",2008,NA,"immR",0.0253422909800908,0.000288108086914362,0.355491636536626
"immR[6]",2009,NA,"immR",0.0278010543103295,0.000301044024932592,0.581580051892948
"immR[7]",2010,NA,"immR",1.4609370891611,0.321791857484264,3.99722180303146
"immR[8]",2011,NA,"immR",0.65164348168912,0.0369328887364675,1.94618382058411
"immR[9]",2012,NA,"immR",0.0227862916989186,0.000304547685841543,0.22289536016401
"initN[1]",2004,NA,"initN",45,20,116
"initN[2]",2005,NA,"initN",45,29,71
"initN[3]",2006,NA,"initN",52,35,81
"initN[4]",2007,NA,"initN",11,5,24
"initN[5]",2008,NA,"initN",28,16,50
"mH[1, 10]",2013,"0","mH",0.327550405487505,0.203980124110535,0.518009150919994
"mH[1, 11]",2014,"0","mH",0.290094508708384,0.177245098160822,0.449632324331982
"mH[1, 12]",2015,"0","mH",0.273183378840523,0.171470806287847,0.415629782667475
"mH[1, 13]",2016,"0","mH",0.318432825513874,0.200266855617853,0.494005318909816
"mH[1, 14]",2017,"0","mH",0.23393098552888,0.135912155449987,0.375634655819597
"mH[1, 15]",2018,"0","mH",0.338638499275135,0.191609186462777,0.560403243669739
"mH[1, 16]",2019,"0","mH",0.60276512345551,0.348269386497966,1.00752713357208
"mH[1, 17]",2020,"0","mH",0.350138445276709,0.20662985386639,0.607594451780971
"mH[1, 18]",2021,"0","mH",0.335222030502968,0.184468464173091,0.683531504592854
"mH[1, 1]",2004,"0","mH",0.285770653358,0.187830858406533,0.420325229769995
"mH[1, 2]",2005,"0","mH",0.411720419432491,0.278746453109651,0.599437632113162
"mH[1, 3]",2006,"0","mH",0.39473948046055,0.265467563687183,0.576643147304321
"mH[1, 4]",2007,"0","mH",0.306958476007433,0.199501148400203,0.454041225033355
"mH[1, 5]",2008,"0","mH",0.325328972979181,0.217369734872079,0.484066272889151
"mH[1, 6]",2009,"0","mH",0.273318530463243,0.170229769234143,0.41793579916522
"mH[1, 7]",2010,"0","mH",0.394139972777217,0.275231173502501,0.544695068471415
"mH[1, 8]",2011,"0","mH",0.275726663890995,0.178451679265606,0.407024938983751
"mH[1, 9]",2012,"0","mH",0.314685374241247,0.19707546040001,0.495920586400695
"mH[2, 10]",2013,"1","mH",0.432804494230243,0.283147822103447,0.663864471390774
"mH[2, 11]",2014,"1","mH",0.383146406213724,0.238136638998431,0.594344672538521
"mH[2, 12]",2015,"1","mH",0.36048520744191,0.231515984183716,0.542741183675374
"mH[2, 13]",2016,"1","mH",0.420515687414907,0.27507704471946,0.630295002464479
"mH[2, 14]",2017,"1","mH",0.308832999579125,0.184390323685857,0.487330738910157
"mH[2, 15]",2018,"1","mH",0.445647559511777,0.259371937293795,0.750770075483586
"mH[2, 16]",2019,"1","mH",0.793615388014914,0.46186043300047,1.35588221771698
"mH[2, 17]",2020,"1","mH",0.460287153479028,0.272726605229335,0.826217449653986
"mH[2, 18]",2021,"1","mH",0.440454366476779,0.244420440684075,0.933681233446669
"mH[2, 1]",2004,"1","mH",0.37684514137642,0.261965389974606,0.532254296996622
"mH[2, 2]",2005,"1","mH",0.544148506932559,0.379123863968561,0.775805015951827
"mH[2, 3]",2006,"1","mH",0.521282287369106,0.358020269693063,0.750731820099836
"mH[2, 4]",2007,"1","mH",0.404694800363114,0.271648951813778,0.589856469125409
"mH[2, 5]",2008,"1","mH",0.43083479127639,0.297308083632174,0.62198527444721
"mH[2, 6]",2009,"1","mH",0.362377253033333,0.228672623750504,0.543391514212762
"mH[2, 7]",2010,"1","mH",0.519924204864984,0.356561753556493,0.75131508932687
"mH[2, 8]",2011,"1","mH",0.364356606262254,0.243714046480758,0.523166985060027
"mH[2, 9]",2012,"1","mH",0.417438139666283,0.26681403593973,0.636676401295068
"mH[3, 10]",2013,"2","mH",0.513208959102893,0.321353050314317,0.812859843305435
"mH[3, 11]",2014,"2","mH",0.453279486354881,0.267918938603215,0.74199765307052
"mH[3, 12]",2015,"2","mH",0.427325595079084,0.255389414808258,0.701227459714671
"mH[3, 13]",2016,"2","mH",0.499515490440105,0.302088969939254,0.802468157425315
"mH[3, 14]",2017,"2","mH",0.3642662989949,0.218664781201244,0.597523259051907
"mH[3, 15]",2018,"2","mH",0.524781975256796,0.299645863679322,0.922186535608184
"mH[3, 16]",2019,"2","mH",0.939629376437573,0.501449234932671,1.75710726647146
"mH[3, 17]",2020,"2","mH",0.545685778492836,0.298321411073395,1.04254521209022
"mH[3, 18]",2021,"2","mH",0.520773133652807,0.273473175008185,1.16171318698795
"mH[3, 1]",2004,"2","mH",0.446991223655108,0.294895404486409,0.660903154174482
"mH[3, 2]",2005,"2","mH",0.647664363117987,0.418181227797724,0.971947520950364
"mH[3, 3]",2006,"2","mH",0.620587846294358,0.386594582206684,0.949966179024549
"mH[3, 4]",2007,"2","mH",0.478612712806775,0.305619458086844,0.743039412243896
"mH[3, 5]",2008,"2","mH",0.511022112448209,0.325140485499114,0.791403399922054
"mH[3, 6]",2009,"2","mH",0.429491294868528,0.254494052186821,0.682782952070069
"mH[3, 7]",2010,"2","mH",0.614099482557951,0.397165417396655,0.958940579521982
"mH[3, 8]",2011,"2","mH",0.430151337641973,0.274726911679628,0.659772214129993
"mH[3, 9]",2012,"2","mH",0.493294628408013,0.301547537321911,0.795227741002825
"mH[4, 10]",2013,"3","mH",0.738152111217856,0.346778972612023,2.41012395994791
"mH[4, 11]",2014,"3","mH",0.649812962351584,0.302278884124664,2.14932740342116
"mH[4, 12]",2015,"3","mH",0.612546183126564,0.281203354410268,2.04389749955044
"mH[4, 13]",2016,"3","mH",0.718419047561851,0.322995508943119,2.3629571018821
"mH[4, 14]",2017,"3","mH",0.524602850803396,0.233834793178032,1.76769728407362
"mH[4, 15]",2018,"3","mH",0.759997076900042,0.320224624993465,2.65212530073205
"mH[4, 16]",2019,"3","mH",1.35901706645003,0.564182020797489,4.84880135765453
"mH[4, 17]",2020,"3","mH",0.791270693880799,0.331083044296012,2.90938334156994
"mH[4, 18]",2021,"3","mH",0.759184141282294,0.307122595801412,2.9588283597563
"mH[4, 1]",2004,"3","mH",0.641223716761815,0.311115064922666,2.02394585447611
"mH[4, 2]",2005,"3","mH",0.92780497768181,0.45134768904702,2.91568890229407
"mH[4, 3]",2006,"3","mH",0.891495302627431,0.419312565097767,2.85090925641568
"mH[4, 4]",2007,"3","mH",0.687993556301955,0.326217937417081,2.21908953236391
"mH[4, 5]",2008,"3","mH",0.73625504703658,0.341956140155884,2.37531900980182
"mH[4, 6]",2009,"3","mH",0.61595096456367,0.272263220809685,2.05854552316642
"mH[4, 7]",2010,"3","mH",0.881635653131191,0.423938527139611,2.88752871213806
"mH[4, 8]",2011,"3","mH",0.617908105699118,0.292835782782068,2.00750908220353
"mH[4, 9]",2012,"3","mH",0.707674810419834,0.322447489020926,2.33740306281792
"mH[5, 10]",2013,"4+","mH",0.426330476120664,0.209852095147535,0.806199137170182
"mH[5, 11]",2014,"4+","mH",0.375182806136087,0.1879208444855,0.702120772137676
"mH[5, 12]",2015,"4+","mH",0.354393085499883,0.183706230105759,0.643449658743749
"mH[5, 13]",2016,"4+","mH",0.412298296739585,0.212820969839041,0.759408315664136
"mH[5, 14]",2017,"4+","mH",0.299941199861544,0.152632770508827,0.586971723560533
"mH[5, 15]",2018,"4+","mH",0.439188325651993,0.230855395157416,0.758235717627533
"mH[5, 16]",2019,"4+","mH",0.783521021642552,0.406161333662501,1.4154465674943
"mH[5, 17]",2020,"4+","mH",0.455679019397033,0.240023819671419,0.852311368316267
"mH[5, 18]",2021,"4+","mH",0.437617195406321,0.214520623308093,0.92842729036308
"mH[5, 1]",2004,"4+","mH",0.374712684788909,0.184042077986098,0.667198912500583
"mH[5, 2]",2005,"4+","mH",0.541361527020891,0.267687649998415,0.957796682979029
"mH[5, 3]",2006,"4+","mH",0.516130355169019,0.260880283983523,0.923226585273038
"mH[5, 4]",2007,"4+","mH",0.400089968618074,0.197854672372393,0.737352855852008
"mH[5, 5]",2008,"4+","mH",0.427586835402169,0.209059719838836,0.780930555639665
"mH[5, 6]",2009,"4+","mH",0.357683176321172,0.176271345207862,0.652646495008809
"mH[5, 7]",2010,"4+","mH",0.514668008624782,0.272681175320171,0.881343157125058
"mH[5, 8]",2011,"4+","mH",0.357411114796129,0.18395433691723,0.640546843776657
"mH[5, 9]",2012,"4+","mH",0.41102170261902,0.204398792136763,0.745705575027934
"mHs[1, 10]",2013,"0","mHs",0.0560443826913495,0.0148071607949257,0.186695524127674
"mHs[1, 11]",2014,"0","mHs",0.0558085099328235,0.0147887420978305,0.1906093328048
"mHs[1, 12]",2015,"0","mHs",0.0556747975058703,0.0136261143420547,0.187134540433287
"mHs[1, 13]",2016,"0","mHs",0.0557345273994906,0.0131786315691203,0.189240433899747
"mHs[1, 14]",2017,"0","mHs",0.0531040526414358,0.0120646595082545,0.171406827884352
"mHs[1, 15]",2018,"0","mHs",0.0522883956734075,0.0119419378935335,0.160865066439772
"mHs[1, 16]",2019,"0","mHs",0.0545917311492785,0.0132414284695716,0.1726683505187
"mHs[1, 17]",2020,"0","mHs",0.0609557496994229,0.0172375642025632,0.385651142906462
"mHs[1, 18]",2021,"0","mHs",0.0608275036555481,0.0171156328994079,0.390100166153652
"mHs[1, 1]",2004,"0","mHs",0.0597425832329878,0.0162086318719158,0.349668404360967
"mHs[1, 2]",2005,"0","mHs",0.08341534142148,0.042649584642126,0.166033854760876
"mHs[1, 3]",2006,"0","mHs",0.064030080007492,0.0329788537382723,0.127846439585827
"mHs[1, 4]",2007,"0","mHs",0.0519845826966167,0.0235785220330813,0.110249051351642
"mHs[1, 5]",2008,"0","mHs",0.0280405135897853,0.00709387141857699,0.0677129557745075
"mHs[1, 6]",2009,"0","mHs",0.0692412507865255,0.0343653462438033,0.150655967274803
"mHs[1, 7]",2010,"0","mHs",0.0578347960921191,0.0274130291978915,0.120809823607785
"mHs[1, 8]",2011,"0","mHs",0.0472225704199819,0.0240268477590569,0.0900265448188869
"mHs[1, 9]",2012,"0","mHs",0.0519023710570379,0.0278916874368019,0.101026616402014
"mHs[2, 10]",2013,"1","mHs",0.0341112046501122,0.00867898760702448,0.118385316728909
"mHs[2, 11]",2014,"1","mHs",0.0339420860318392,0.00865838373799598,0.126118486411175
"mHs[2, 12]",2015,"1","mHs",0.0336978070955341,0.00781758900381062,0.120925166091846
"mHs[2, 13]",2016,"1","mHs",0.0337804934972664,0.00826575266614423,0.118149161090573
"mHs[2, 14]",2017,"1","mHs",0.0323272078591451,0.00710308326953384,0.11163157090929
"mHs[2, 15]",2018,"1","mHs",0.0317769907129456,0.00713598468230788,0.101550652186453
"mHs[2, 16]",2019,"1","mHs",0.0330100196867285,0.00745230041901362,0.115657830170765
"mHs[2, 17]",2020,"1","mHs",0.0371034927881656,0.00968659270563469,0.243265553208085
"mHs[2, 18]",2021,"1","mHs",0.0370201781843581,0.00990732775653162,0.257993142513329
"mHs[2, 1]",2004,"1","mHs",0.0362177584985538,0.00950566614132841,0.231514015503827
"mHs[2, 2]",2005,"1","mHs",0.0509192636644086,0.0223150477176936,0.110305644226457
"mHs[2, 3]",2006,"1","mHs",0.0392549099448145,0.0173852504105079,0.084399363178271
"mHs[2, 4]",2007,"1","mHs",0.0318927218999005,0.0130886654705717,0.0689890769381467
"mHs[2, 5]",2008,"1","mHs",0.0169956889762096,0.00422637430945424,0.0429379599077134
"mHs[2, 6]",2009,"1","mHs",0.0424237364877433,0.0185731399620032,0.0969426677226538
"mHs[2, 7]",2010,"1","mHs",0.0353578457365581,0.014868295226841,0.077546337219154
"mHs[2, 8]",2011,"1","mHs",0.0289411549500259,0.0130603923199153,0.0573511117238812
"mHs[2, 9]",2012,"1","mHs",0.0320628101533,0.0148935820523054,0.0628713752171264
"mHs[3, 10]",2013,"2","mHs",0.0719291834541665,0.0175656668611227,0.234086071210765
"mHs[3, 11]",2014,"2","mHs",0.0715260949898693,0.0174311228593722,0.254515831647536
"mHs[3, 12]",2015,"2","mHs",0.0708854701725508,0.0161747114952778,0.243429475163158
"mHs[3, 13]",2016,"2","mHs",0.0714766415079097,0.0161981913615878,0.241967179412331
"mHs[3, 14]",2017,"2","mHs",0.0685617343869551,0.0148709638823883,0.204938425489633
"mHs[3, 15]",2018,"2","mHs",0.0670002162654354,0.0140295863620676,0.20976089407903
"mHs[3, 16]",2019,"2","mHs",0.069585471867039,0.0149411752993821,0.229499448258682
"mHs[3, 17]",2020,"2","mHs",0.0783673114046821,0.0191480772954003,0.498099690084314
"mHs[3, 18]",2021,"2","mHs",0.0786400491091891,0.0192413027658749,0.528774555570957
"mHs[3, 1]",2004,"2","mHs",0.0767528548105422,0.0189024697674675,0.459097558487226
"mHs[3, 2]",2005,"2","mHs",0.105996970815227,0.0497341133034254,0.210929965269857
"mHs[3, 3]",2006,"2","mHs",0.0819976913733806,0.0360253501224887,0.175758087139995
"mHs[3, 4]",2007,"2","mHs",0.0665649799994741,0.0264870059163363,0.142927020112545
"mHs[3, 5]",2008,"2","mHs",0.0352667663207696,0.00822841457337381,0.0961585085532801
"mHs[3, 6]",2009,"2","mHs",0.0887600934150325,0.0401924830765189,0.183997422677877
"mHs[3, 7]",2010,"2","mHs",0.0736235562341136,0.0302334160713516,0.15938244167447
"mHs[3, 8]",2011,"2","mHs",0.0604999923400381,0.0249137777548266,0.12745248800252
"mHs[3, 9]",2012,"2","mHs",0.0667222274344207,0.0297610867198356,0.132704784910296
"mHs[4, 10]",2013,"3","mHs",0.0770447897248758,0.0164021988965979,0.262682114591885
"mHs[4, 11]",2014,"3","mHs",0.0766931714802526,0.016699683835338,0.268139337523519
"mHs[4, 12]",2015,"3","mHs",0.0765930843804882,0.01506063198676,0.272400864225089
"mHs[4, 13]",2016,"3","mHs",0.076788206245933,0.014611645127591,0.268376783900781
"mHs[4, 14]",2017,"3","mHs",0.0726363181052727,0.0135766378114327,0.24805493502911
"mHs[4, 15]",2018,"3","mHs",0.0714813169256602,0.0138789314429009,0.222421255926208
"mHs[4, 16]",2019,"3","mHs",0.0748488196502209,0.013761846405319,0.255602162343696
"mHs[4, 17]",2020,"3","mHs",0.0853338295993206,0.0188395400885613,0.479229267444351
"mHs[4, 18]",2021,"3","mHs",0.0849011848413551,0.0192565620070649,0.513673002472181
"mHs[4, 1]",2004,"3","mHs",0.0834538150219376,0.0180424775637555,0.47260424176189
"mHs[4, 2]",2005,"3","mHs",0.113653491139568,0.0454173094185622,0.24551023492612
"mHs[4, 3]",2006,"3","mHs",0.0874759617807515,0.0334042248361655,0.200501040631537
"mHs[4, 4]",2007,"3","mHs",0.0707042990803671,0.0232161839154963,0.178535590185259
"mHs[4, 5]",2008,"3","mHs",0.0372794917125299,0.00747534382096219,0.12026445037366
"mHs[4, 6]",2009,"3","mHs",0.0951853407522155,0.0347863030622056,0.230747608089123
"mHs[4, 7]",2010,"3","mHs",0.0788160459525426,0.0275129159622658,0.190931824865821
"mHs[4, 8]",2011,"3","mHs",0.0643359406485015,0.0225007469809695,0.1556156790704
"mHs[4, 9]",2012,"3","mHs",0.0708165209580656,0.0261396747449957,0.165971132270253
"mHs[5, 10]",2013,"4+","mHs",0.0333986838384088,0.00657550211912649,0.120604263714284
"mHs[5, 11]",2014,"4+","mHs",0.0331765450046798,0.00617456769886549,0.133489656059239
"mHs[5, 12]",2015,"4+","mHs",0.0328347474016826,0.00618995343528402,0.120588357685618
"mHs[5, 13]",2016,"4+","mHs",0.0329137210298271,0.00587549351251017,0.128389576365075
"mHs[5, 14]",2017,"4+","mHs",0.0312756762862404,0.00554445598078279,0.113113173809467
"mHs[5, 15]",2018,"4+","mHs",0.0305119801452088,0.00537247451404884,0.109439666427411
"mHs[5, 16]",2019,"4+","mHs",0.032168078670687,0.00581809473379874,0.111396574030244
"mHs[5, 17]",2020,"4+","mHs",0.0366968055268451,0.00734066214190924,0.223882956340568
"mHs[5, 18]",2021,"4+","mHs",0.0370098214378731,0.00746735748315818,0.225255819642986
"mHs[5, 1]",2004,"4+","mHs",0.0358035669276897,0.00744177807313966,0.221075021261953
"mHs[5, 2]",2005,"4+","mHs",0.0492281998779428,0.0159423398712226,0.12661449922961
"mHs[5, 3]",2006,"4+","mHs",0.0380211044396705,0.0121914251153252,0.098797224660887
"mHs[5, 4]",2007,"4+","mHs",0.0306353979596511,0.00886018052450795,0.0848099931951981
"mHs[5, 5]",2008,"4+","mHs",0.0161699742636143,0.00302418575445067,0.0551489167519112
"mHs[5, 6]",2009,"4+","mHs",0.0413630041442677,0.0132451431680721,0.110561441227058
"mHs[5, 7]",2010,"4+","mHs",0.0340249311000148,0.0103790636726095,0.0924007140044569
"mHs[5, 8]",2011,"4+","mHs",0.0277902905837036,0.00895766898484361,0.0726862249229871
"mHs[5, 9]",2012,"4+","mHs",0.0307467361733856,0.0100752475745952,0.0774669022671279
"mO[1, 10]",2013,"0","mO",1.48203387666934,0.334737069699972,2.97763036180952
"mO[1, 11]",2014,"0","mO",0.473276358791123,0.0137689877879045,1.18807767722178
"mO[1, 12]",2015,"0","mO",0.43630242981173,0.0104415025498989,1.16476584171682
"mO[1, 13]",2016,"0","mO",0.870426451033485,0.0291937874886514,1.76472816160454
"mO[1, 14]",2017,"0","mO",1.28642141057875,0.108017576282961,2.96206641899397
"mO[1, 15]",2018,"0","mO",1.48577825771125,0.402212318048359,3.6794130770052
"mO[1, 16]",2019,"0","mO",0.700157524449257,0.0229906703907184,1.65142112160391
"mO[1, 17]",2020,"0","mO",0.996082071432009,0.0724938845255607,2.16045145654601
"mO[1, 18]",2021,"0","mO",0.798808631913637,0.0229567722116534,2.30060055705785
"mO[1, 1]",2004,"0","mO",0.857482772820505,0.0346912488143384,2.00189997398247
"mO[1, 2]",2005,"0","mO",0.810068031476089,0.0753856444069137,1.52451771244786
"mO[1, 3]",2006,"0","mO",0.577183275835679,0.0325793368683001,1.37463486919356
"mO[1, 4]",2007,"0","mO",0.602612979743488,0.0408260068125995,1.55064926243377
"mO[1, 5]",2008,"0","mO",1.37970326397095,0.448031891154964,2.37546575083196
"mO[1, 6]",2009,"0","mO",0.88735131693244,0.0506037550832691,1.74911608305162
"mO[1, 7]",2010,"0","mO",0.0168020453581986,4.37331593387803e-08,0.586249737168806
"mO[1, 8]",2011,"0","mO",0.430598683269254,0.0182593070828879,1.16447898903226
"mO[1, 9]",2012,"0","mO",1.78575069825576,0.86967738159682,2.80634681683431
"mO[2, 10]",2013,"1","mO",0.254152312989781,0.015087915024135,0.883287260660684
"mO[2, 11]",2014,"1","mO",0.0750451042874537,0.00156465016444755,0.3296680588427
"mO[2, 12]",2015,"1","mO",0.069910146819353,0.00145387307163714,0.307040548969443
"mO[2, 13]",2016,"1","mO",0.139528047894063,0.00386204061028105,0.414243175307385
"mO[2, 14]",2017,"1","mO",0.218775601875042,0.00932878232829618,0.891748304091066
"mO[2, 15]",2018,"1","mO",0.257527765796094,0.014616519350013,1.30454733529913
"mO[2, 16]",2019,"1","mO",0.112030504041863,0.00254194302938919,0.462699922141937
"mO[2, 17]",2020,"1","mO",0.164977907530807,0.00541515710806448,0.649869950647187
"mO[2, 18]",2021,"1","mO",0.125243162888732,0.00261187112366619,0.639928854316189
"mO[2, 1]",2004,"1","mO",0.136718679442995,0.00397127417419239,0.556685992559002
"mO[2, 2]",2005,"1","mO",0.133487186920903,0.00587974586839596,0.439429412412301
"mO[2, 3]",2006,"1","mO",0.093584147457425,0.00261208650184216,0.430999825666501
"mO[2, 4]",2007,"1","mO",0.100560819252571,0.00345415818499075,0.468111565743666
"mO[2, 5]",2008,"1","mO",0.245908969059314,0.0164465282995765,0.722364355347971
"mO[2, 6]",2009,"1","mO",0.14291678793768,0.0048100839227324,0.516839835571167
"mO[2, 7]",2010,"1","mO",0.00251471198633447,8.34536741197649e-09,0.141041361645826
"mO[2, 8]",2011,"1","mO",0.0683427351363407,0.00198774167370707,0.346168846917875
"mO[2, 9]",2012,"1","mO",0.331880652269191,0.0261360391366489,0.872736470275867
"mO[3, 10]",2013,"2","mO",0.175696916653056,0.00665744259265219,0.669986936520292
"mO[3, 11]",2014,"2","mO",0.0507816549637993,0.000668470253014319,0.288741873126782
"mO[3, 12]",2015,"2","mO",0.045820410969468,0.000591960328458324,0.260170922970229
"mO[3, 13]",2016,"2","mO",0.0942974314754789,0.00128096234915972,0.462753148456147
"mO[3, 14]",2017,"2","mO",0.147781533925054,0.00489230548058209,0.549213977576034
"mO[3, 15]",2018,"2","mO",0.168110955400032,0.00745718907881912,1.09668176448348
"mO[3, 16]",2019,"2","mO",0.0738123665782473,0.00123031563019028,0.40606844497138
"mO[3, 17]",2020,"2","mO",0.109265716594042,0.00239322665436129,0.555222927120649
"mO[3, 18]",2021,"2","mO",0.0828990818083452,0.00116354323198675,0.568114540729464
"mO[3, 1]",2004,"2","mO",0.0901213797109751,0.0016962869670255,0.512048936337431
"mO[3, 2]",2005,"2","mO",0.0902168379363762,0.00229315964535244,0.373622950839804
"mO[3, 3]",2006,"2","mO",0.0636157435872254,0.00120992976527152,0.321973117488872
"mO[3, 4]",2007,"2","mO",0.0687665466162492,0.00129660509726577,0.384999828600843
"mO[3, 5]",2008,"2","mO",0.166313861660564,0.00623336838344878,0.673301577253993
"mO[3, 6]",2009,"2","mO",0.0956610255813405,0.00207157294773889,0.434805145786957
"mO[3, 7]",2010,"2","mO",0.00163784210942542,7.34194751050761e-09,0.0901449879223478
"mO[3, 8]",2011,"2","mO",0.0463031929688946,0.000997856846294191,0.252642129580676
"mO[3, 9]",2012,"2","mO",0.223991140473002,0.00996750740761257,0.844852869021829
"mO[4, 10]",2013,"3","mO",1.35575852349859,0.183570862823048,4.45698783663208
"mO[4, 11]",2014,"3","mO",0.429789063511348,0.00822878188491737,1.70010919175041
"mO[4, 12]",2015,"3","mO",0.39947841773127,0.00574400445935575,1.70491552585558
"mO[4, 13]",2016,"3","mO",0.77710874721169,0.0178524733097558,2.80963415136172
"mO[4, 14]",2017,"3","mO",1.20277607243129,0.0628122952561,4.28115954894028
"mO[4, 15]",2018,"3","mO",1.34611079681924,0.277292182328234,4.84592471322754
"mO[4, 16]",2019,"3","mO",0.630070663192216,0.014866185923199,2.35442155353668
"mO[4, 17]",2020,"3","mO",0.883520964819291,0.0470539439977505,3.24433423339285
"mO[4, 18]",2021,"3","mO",0.721161249110594,0.0142901986145489,3.26174570907126
"mO[4, 1]",2004,"3","mO",0.764360421208609,0.0226648374396462,2.90130779525539
"mO[4, 2]",2005,"3","mO",0.721939829853542,0.0450027462305475,2.40389779622183
"mO[4, 3]",2006,"3","mO",0.525089030299838,0.0213367539492725,1.87266928432048
"mO[4, 4]",2007,"3","mO",0.553596506239967,0.022208051698494,2.33776450626725
"mO[4, 5]",2008,"3","mO",1.24813971324233,0.229442336623385,4.05562786831552
"mO[4, 6]",2009,"3","mO",0.792667257199303,0.0308745023011301,2.81230398714912
"mO[4, 7]",2010,"3","mO",0.0156240774428445,3.76599166879422e-08,0.622336916493682
"mO[4, 8]",2011,"3","mO",0.390722590635443,0.0109246245326548,1.65622436354731
"mO[4, 9]",2012,"3","mO",1.63367134083417,0.413844888789156,4.9830435793572
"mO[5, 10]",2013,"4+","mO",0.0341047850494769,0.000895517930525095,0.211070230158231
"mO[5, 11]",2014,"4+","mO",0.0100009100849373,9.90757953999934e-05,0.0767338280323454
"mO[5, 12]",2015,"4+","mO",0.00906494248690804,9.119281657284e-05,0.0801825349364803
"mO[5, 13]",2016,"4+","mO",0.0182448484724641,0.00019454442309088,0.144928170590269
"mO[5, 14]",2017,"4+","mO",0.0295819736541901,0.000452994430620838,0.199137394500491
"mO[5, 15]",2018,"4+","mO",0.0352709877190588,0.00119627482004638,0.220761108076004
"mO[5, 16]",2019,"4+","mO",0.0147594464377386,0.000167832089638156,0.109539197093842
"mO[5, 17]",2020,"4+","mO",0.0217496096337469,0.000336140805199945,0.155571705674137
"mO[5, 18]",2021,"4+","mO",0.0162444342009716,0.000178739959800729,0.15573700165385
"mO[5, 1]",2004,"4+","mO",0.0178777193036986,0.000211092108918841,0.152206637494437
"mO[5, 2]",2005,"4+","mO",0.0174743895196951,0.000315176722668897,0.125463337078086
"mO[5, 3]",2006,"4+","mO",0.0125364012230257,0.000169776250125902,0.0953358504698224
"mO[5, 4]",2007,"4+","mO",0.0134449207906561,0.0002075777540719,0.096825378629705
"mO[5, 5]",2008,"4+","mO",0.0322819440888694,0.000927659425795536,0.195403867538423
"mO[5, 6]",2009,"4+","mO",0.0188650266244304,0.000258407691832884,0.137721607264909
"mO[5, 7]",2010,"4+","mO",0.000335377676809431,6.78143052317851e-10,0.0230307931799875
"mO[5, 8]",2011,"4+","mO",0.00925640853430173,0.000129843705004936,0.0703220789647066
"mO[5, 9]",2012,"4+","mO",0.0432958927005911,0.00161760733084663,0.235700237366921
"octN[1, 10]",2013,"0","octN",98,42,201
"octN[1, 11]",2014,"0","octN",138,79,263
"octN[1, 12]",2015,"0","octN",304,178,605
"octN[1, 13]",2016,"0","octN",207,112,372.125
"octN[1, 14]",2017,"0","octN",143,69,279
"octN[1, 15]",2018,"0","octN",343,154,1559.125
"octN[1, 16]",2019,"0","octN",208,119,447
"octN[1, 17]",2020,"0","octN",102,53,219.125
"octN[1, 18]",2021,"0","octN",93,45,223
"octN[1, 1]",2004,"0","octN",45,20,116
"octN[1, 2]",2005,"0","octN",103,60,170
"octN[1, 3]",2006,"0","octN",88,54,151
"octN[1, 4]",2007,"0","octN",150,89,316
"octN[1, 5]",2008,"0","octN",117,63.875,196
"octN[1, 6]",2009,"0","octN",66,35,122
"octN[1, 7]",2010,"0","octN",166,127,268
"octN[1, 8]",2011,"0","octN",372,231,698
"octN[1, 9]",2012,"0","octN",315,169.875,529
"octN[2, 10]",2013,"1","octN",37,18,70
"octN[2, 11]",2014,"1","octN",15,5,34
"octN[2, 12]",2015,"1","octN",61,38,99
"octN[2, 13]",2016,"1","octN",146,93,226
"octN[2, 14]",2017,"1","octN",60,30,117
"octN[2, 15]",2018,"1","octN",28,8,73
"octN[2, 16]",2019,"1","octN",48,20,97
"octN[2, 17]",2020,"1","octN",52,29,90
"octN[2, 18]",2021,"1","octN",24,10,53
"octN[2, 1]",2004,"1","octN",45,29,71
"octN[2, 2]",2005,"1","octN",15,9,24
"octN[2, 3]",2006,"1","octN",29,19,44
"octN[2, 4]",2007,"1","octN",30,20,46
"octN[2, 5]",2008,"1","octN",58,39,87
"octN[2, 6]",2009,"1","octN",19,10,35
"octN[2, 7]",2010,"1","octN",21,13,33
"octN[2, 8]",2011,"1","octN",101,72,146
"octN[2, 9]",2012,"1","octN",175,114,271
"octN[3, 10]",2013,"2","octN",73,46,119
"octN[3, 11]",2014,"2","octN",16,8,31
"octN[3, 12]",2015,"2","octN",9,3,20
"octN[3, 13]",2016,"2","octN",36,20,61
"octN[3, 14]",2017,"2","octN",78,48,130
"octN[3, 15]",2018,"2","octN",31,15,61
"octN[3, 16]",2019,"2","octN",11,3,26
"octN[3, 17]",2020,"2","octN",15,6,40
"octN[3, 18]",2021,"2","octN",22,8,45
"octN[3, 1]",2004,"2","octN",52,35,81
"octN[3, 2]",2005,"2","octN",24,16,37
"octN[3, 3]",2006,"2","octN",7,4,12
"octN[3, 4]",2007,"2","octN",14,9,23
"octN[3, 5]",2008,"2","octN",17,10,28
"octN[3, 6]",2009,"2","octN",27,17,43
"octN[3, 7]",2010,"2","octN",11,6,20
"octN[3, 8]",2011,"2","octN",12,7,21
"octN[3, 9]",2012,"2","octN",58,36,93
"octN[4, 10]",2013,"3","octN",24,13,43
"octN[4, 11]",2014,"3","octN",33,18,57
"octN[4, 12]",2015,"3","octN",8,3,18
"octN[4, 13]",2016,"3","octN",4,1,12
"octN[4, 14]",2017,"3","octN",18,8,34
"octN[4, 15]",2018,"3","octN",43,23,77
"octN[4, 16]",2019,"3","octN",14,6,27
"octN[4, 17]",2020,"3","octN",4,1,11
"octN[4, 18]",2021,"3","octN",7,2,21
"octN[4, 1]",2004,"3","octN",11,5,24
"octN[4, 2]",2005,"3","octN",25,15,42
"octN[4, 3]",2006,"3","octN",10,6,18
"octN[4, 4]",2007,"3","octN",3,1,7
"octN[4, 5]",2008,"3","octN",7,3,14
"octN[4, 6]",2009,"3","octN",8,3,15
"octN[4, 7]",2010,"3","octN",14,7,24
"octN[4, 8]",2011,"3","octN",6,2,12
"octN[4, 9]",2012,"3","octN",8,3,14
"octN[5, 10]",2013,"4+","octN",17,10,28
"octN[5, 11]",2014,"4+","octN",25,13,40
"octN[5, 12]",2015,"4+","octN",38,21.875,60
"octN[5, 13]",2016,"4+","octN",31,14,53
"octN[5, 14]",2017,"4+","octN",22,8,41
"octN[5, 15]",2018,"4+","octN",29,14,48
"octN[5, 16]",2019,"4+","octN",46,29,67
"octN[5, 17]",2020,"4+","octN",25,12,44
"octN[5, 18]",2021,"4+","octN",18,8,34
"octN[5, 1]",2004,"4+","octN",28,16,50
"octN[5, 2]",2005,"4+","octN",23,13,43
"octN[5, 3]",2006,"4+","octN",24,14,45
"octN[5, 4]",2007,"4+","octN",19,10,38
"octN[5, 5]",2008,"4+","octN",14,7,31
"octN[5, 6]",2009,"4+","octN",14,6,28
"octN[5, 7]",2010,"4+","octN",15,8,28
"octN[5, 8]",2011,"4+","octN",17,9,31
"octN[5, 9]",2012,"4+","octN",17,9,30
"rho[1, 10]",2013,"0","rho",0,0,0
"rho[1, 11]",2014,"0","rho",0,0,0
"rho[1, 12]",2015,"0","rho",0,0,0
"rho[1, 13]",2016,"0","rho",0,0,0
"rho[1, 14]",2017,"0","rho",0,0,0
"rho[1, 15]",2018,"0","rho",0,0,0
"rho[1, 16]",2019,"0","rho",0,0,0
"rho[1, 17]",2020,"0","rho",0,0,0
"rho[1, 18]",2021,"0","rho",0,0,0
"rho[1, 19]",2022,"0","rho",0,0,0
"rho[1, 1]",2004,"0","rho",0,0,0
"rho[1, 2]",2005,"0","rho",0,0,0
"rho[1, 3]",2006,"0","rho",0,0,0
"rho[1, 4]",2007,"0","rho",0,0,0
"rho[1, 5]",2008,"0","rho",0,0,0
"rho[1, 6]",2009,"0","rho",0,0,0
"rho[1, 7]",2010,"0","rho",0,0,0
"rho[1, 8]",2011,"0","rho",0,0,0
"rho[1, 9]",2012,"0","rho",0,0,0
"rho[2, 10]",2013,"1","rho",3.95854102766514,3.10979113706344,4.72668840960101
"rho[2, 11]",2014,"1","rho",4.3112913677383,3.54781018691645,5.27268372057114
"rho[2, 12]",2015,"1","rho",4.41094328881911,3.58593714636648,5.17455538896659
"rho[2, 13]",2016,"1","rho",4.39754495932889,3.6739564955409,5.14472020352902
"rho[2, 14]",2017,"1","rho",4.07913974329923,3.21544997161309,4.9308641468279
"rho[2, 15]",2018,"1","rho",5.04043359440463,4.07176304987033,6.57598055631633
"rho[2, 16]",2019,"1","rho",4.66023686438221,3.8994133993606,5.58750906668844
"rho[2, 17]",2020,"1","rho",4.52668588619335,3.78766250396518,5.53120063518338
"rho[2, 18]",2021,"1","rho",4.27248217913123,3.52792661907479,5.19394436902177
"rho[2, 19]",2022,"1","rho",4.39052353902678,3.53815458383076,5.61491350411427
"rho[2, 1]",2004,"1","rho",4.34936506737074,3.38535703973347,5.35888424921589
"rho[2, 2]",2005,"1","rho",3.98247131780888,3.3600344017109,4.64030891486403
"rho[2, 3]",2006,"1","rho",4.38870599112326,3.77551165447963,5.11033623591775
"rho[2, 4]",2007,"1","rho",4.61440901556247,3.85437487075232,5.58264829513609
"rho[2, 5]",2008,"1","rho",4.73020514663101,4.14186048998745,5.44073394807728
"rho[2, 6]",2009,"1","rho",3.90695082358957,3.10427095105094,4.70918916656777
"rho[2, 7]",2010,"1","rho",4.60857065657476,3.8732537516498,5.66564731425535
"rho[2, 8]",2011,"1","rho",5.52320395975394,4.72990483783219,6.42730527847931
"rho[2, 9]",2012,"1","rho",4.70791484847864,4.12992986861858,5.30739378849983
"rho[3, 10]",2013,"2","rho",4.25226207783191,3.39231078822097,5.05518834261654
"rho[3, 11]",2014,"2","rho",4.62942734738869,3.8573507450731,5.65652609553869
"rho[3, 12]",2015,"2","rho",4.73493686071791,3.86140836343764,5.63948154903636
"rho[3, 13]",2016,"2","rho",4.72122701758359,3.93700277665829,5.59286782682062
"rho[3, 14]",2017,"2","rho",4.38555272810395,3.48264840856813,5.28650324866746
"rho[3, 15]",2018,"2","rho",5.42119499060917,4.32458058339003,7.13752914071943
"rho[3, 16]",2019,"2","rho",5.00703245980599,4.19093049319966,6.07709492522021
"rho[3, 17]",2020,"2","rho",4.86115778929702,4.05176887646245,6.01423988039707
"rho[3, 18]",2021,"2","rho",4.58882483803153,3.80662893865433,5.66078523414181
"rho[3, 19]",2022,"2","rho",4.70514477944525,3.81146392537095,6.07888871913029
"rho[3, 1]",2004,"2","rho",4.67066006742325,3.67538205530445,5.78204277781553
"rho[3, 2]",2005,"2","rho",4.28222747607641,3.66082607363736,4.9535224510675
"rho[3, 3]",2006,"2","rho",4.71861426353113,4.04657969467302,5.5433682358692
"rho[3, 4]",2007,"2","rho",4.95225258076531,4.15380928091577,6.04177393581802
"rho[3, 5]",2008,"2","rho",5.08966748779887,4.38398442632757,5.96402888270393
"rho[3, 6]",2009,"2","rho",4.19927451170751,3.42318781246759,4.97852016667287
"rho[3, 7]",2010,"2","rho",4.95735025641385,4.14205830229142,6.17378321349677
"rho[3, 8]",2011,"2","rho",5.94526961604718,4.90776668996188,7.15126111346
"rho[3, 9]",2012,"2","rho",5.06255700031396,4.37968200860871,5.8017764329373
"rho[4, 10]",2013,"3","rho",4.88252186174377,3.8159639444259,5.84224002308604
"rho[4, 11]",2014,"3","rho",5.32126386997034,4.39998420864168,6.40235181054207
"rho[4, 12]",2015,"3","rho",5.43970283847741,4.31920760969512,6.49825068810695
"rho[4, 13]",2016,"3","rho",5.41852634015606,4.40007961449693,6.46640708049765
"rho[4, 14]",2017,"3","rho",5.03974834842772,3.89821095596198,6.09250217110003
"rho[4, 15]",2018,"3","rho",6.2201817650902,5.08584745111114,7.86779882880912
"rho[4, 16]",2019,"3","rho",5.75010252892911,4.78083809263849,6.86543202261363
"rho[4, 17]",2020,"3","rho",5.58645789812064,4.59181169333055,6.84409732556708
"rho[4, 18]",2021,"3","rho",5.2669095383762,4.35929756171166,6.36804518886126
"rho[4, 19]",2022,"3","rho",5.41546828550195,4.34873395451848,6.83138668258819
"rho[4, 1]",2004,"3","rho",5.35994912275324,4.14756293821289,6.64656273683699
"rho[4, 2]",2005,"3","rho",4.90593136388551,4.22163265086569,5.63894911168036
"rho[4, 3]",2006,"3","rho",5.41616364749161,4.62373052716848,6.27532229697995
"rho[4, 4]",2007,"3","rho",5.68533355382774,4.70528061712798,6.8805149235667
"rho[4, 5]",2008,"3","rho",5.83107562780516,4.97744576316407,6.82060505604075
"rho[4, 6]",2009,"3","rho",4.82396577658508,3.83839845086887,5.75290310189703
"rho[4, 7]",2010,"3","rho",5.68198832544892,4.79929838678922,6.92534463471477
"rho[4, 8]",2011,"3","rho",6.80446439680477,5.57870799508835,8.2440163527773
"rho[4, 9]",2012,"3","rho",5.79989969059024,4.88031653684368,6.80974522279883
"rho[5, 10]",2013,"4+","rho",4.53500553255196,3.61842895262439,5.34250468870163
"rho[5, 11]",2014,"4+","rho",4.9405361139187,4.09921537922686,6.01303415135241
"rho[5, 12]",2015,"4+","rho",5.05149991049526,4.11488026302205,5.92282231309742
"rho[5, 13]",2016,"4+","rho",5.04154550185486,4.16813213427877,5.93316584909553
"rho[5, 14]",2017,"4+","rho",4.67976242436343,3.69764290887661,5.63662079891653
"rho[5, 15]",2018,"4+","rho",5.77372377433486,4.68451265592628,7.46918523250136
"rho[5, 16]",2019,"4+","rho",5.33940662151588,4.51444095938157,6.32693516079393
"rho[5, 17]",2020,"4+","rho",5.18618111446807,4.3430100376073,6.30334345649768
"rho[5, 18]",2021,"4+","rho",4.89337683628415,4.11005486626154,5.90919655942457
"rho[5, 19]",2022,"4+","rho",5.02080672987398,4.09361327209676,6.3770632367598
"rho[5, 1]",2004,"4+","rho",4.97840996316944,3.89267073430301,6.18733206184474
"rho[5, 2]",2005,"4+","rho",4.56537479065489,3.93822762746368,5.19951576187812
"rho[5, 3]",2006,"4+","rho",5.03062904308621,4.36667335614617,5.80815414719823
"rho[5, 4]",2007,"4+","rho",5.28040715629109,4.42570306725111,6.3825565578418
"rho[5, 5]",2008,"4+","rho",5.42299310812873,4.69783983376036,6.30571654277606
"rho[5, 6]",2009,"4+","rho",4.48467429025334,3.59282527341746,5.30587628809037
"rho[5, 7]",2010,"4+","rho",5.28092222640075,4.49156389465148,6.44327183503371
"rho[5, 8]",2011,"4+","rho",6.33225034019963,5.25201192409399,7.59418567948434
"rho[5, 9]",2012,"4+","rho",5.3957690284335,4.63148457339905,6.22379105171473
"sigma.Psi",NA,NA,"sigma.Psi",0.452920915656631,0.0716275191518515,0.916294019430603
"sigma.immR",NA,NA,"sigma.immR",1.70134643843454,0.750499261498708,3.81474021583274
"sigma.mH",NA,NA,"sigma.mH",0.283800678369319,0.142940835952708,0.509321197383119
"sigma.mHs",NA,NA,"sigma.mHs",0.473446472554819,0.0570502124478538,1.75481964391291
"sigma.mO",NA,NA,"sigma.mO",0.648607610872919,0.0752805373510801,4.06513216105411
"sigma.rho",NA,NA,"sigma.rho",0.0965543434752772,0.00784728868484954,0.201989483612916
